20140820,146,,,,,,,,,
,1_,5_,10_,15_,30_,60_,,,,
0:00,6 ,6.2,6.2,6.8,7.5,7.6,,,,
0:01,5 ,6.2,6.2,6.8,7.5,7.6,,,,
0:02,7 ,6.2,6.2,6.8,7.5,7.6,,,,
0:03,6 ,6.2,6.2,6.8,7.5,7.6,,,,
0:04,7 ,6.2,6.2,6.8,7.5,7.6,,,,
0:05,6 ,6.2,6.2,6.8,7.5,7.6,,,,
0:06,6 ,6.2,6.2,6.8,7.5,7.6,,,,
0:07,6 ,6.2,6.2,6.8,7.5,7.6,,,,
0:08,7 ,6.2,6.2,6.8,7.5,7.6,,,,
0:09,6 ,6.2,6.2,6.8,7.5,7.6,,,,
0:10,7 ,8.0,8.1,6.8,7.5,7.6,,,,
0:11,8 ,8.0,8.1,6.8,7.5,7.6,,,,
0:12,8 ,8.0,8.1,6.8,7.5,7.6,,,,
0:13,9 ,8.0,8.1,6.8,7.5,7.6,,,,
0:14,8 ,8.0,8.1,6.8,7.5,7.6,,,,
0:15,8 ,8.2,8.1,8.2,7.5,7.6,,,,
0:16,8 ,8.2,8.1,8.2,7.5,7.6,,,,
0:17,9 ,8.2,8.1,8.2,7.5,7.6,,,,
0:18,8 ,8.2,8.1,8.2,7.5,7.6,,,,
0:19,8 ,8.2,8.1,8.2,7.5,7.6,,,,
0:20,8 ,8.2,8.2,8.2,7.5,7.6,,,,
0:21,8 ,8.2,8.2,8.2,7.5,7.6,,,,
0:22,9 ,8.2,8.2,8.2,7.5,7.6,,,,
0:23,8 ,8.2,8.2,8.2,7.5,7.6,,,,
0:24,8 ,8.2,8.2,8.2,7.5,7.6,,,,
0:25,9 ,8.2,8.2,8.2,7.5,7.6,,,,
0:26,8 ,8.2,8.2,8.2,7.5,7.6,,,,
0:27,8 ,8.2,8.2,8.2,7.5,7.6,,,,
0:28,8 ,8.2,8.2,8.2,7.5,7.6,,,,
0:29,8 ,8.2,8.2,8.2,7.5,7.6,,,,
0:30,9 ,8.4,8.3,8.2,7.6,7.6,,,,
0:31,8 ,8.4,8.3,8.2,7.6,7.6,,,,
0:32,8 ,8.4,8.3,8.2,7.6,7.6,,,,
0:33,8 ,8.4,8.3,8.2,7.6,7.6,,,,
0:34,9 ,8.4,8.3,8.2,7.6,7.6,,,,
0:35,8 ,8.2,8.3,8.2,7.6,7.6,,,,
0:36,8 ,8.2,8.3,8.2,7.6,7.6,,,,
0:37,8 ,8.2,8.3,8.2,7.6,7.6,,,,
0:38,9 ,8.2,8.3,8.2,7.6,7.6,,,,
0:39,8 ,8.2,8.3,8.2,7.6,7.6,,,,
0:40,8 ,8.0,7.6,8.2,7.6,7.6,,,,
0:41,8 ,8.0,7.6,8.2,7.6,7.6,,,,
0:42,11 ,8.0,7.6,8.2,7.6,7.6,,,,
0:43,6 ,8.0,7.6,8.2,7.6,7.6,,,,
0:44,7 ,8.0,7.6,8.2,7.6,7.6,,,,
0:45,7 ,7.2,7.6,7.1,7.6,7.6,,,,
0:46,7 ,7.2,7.6,7.1,7.6,7.6,,,,
0:47,8 ,7.2,7.6,7.1,7.6,7.6,,,,
0:48,7 ,7.2,7.6,7.1,7.6,7.6,,,,
0:49,7 ,7.2,7.6,7.1,7.6,7.6,,,,
0:50,7 ,7.0,7.0,7.1,7.6,7.6,,,,
0:51,7 ,7.0,7.0,7.1,7.6,7.6,,,,
0:52,7 ,7.0,7.0,7.1,7.6,7.6,,,,
0:53,7 ,7.0,7.0,7.1,7.6,7.6,,,,
0:54,7 ,7.0,7.0,7.1,7.6,7.6,,,,
0:55,7 ,7.0,7.0,7.1,7.6,7.6,,,,
0:56,11 ,7.0,7.0,7.1,7.6,7.6,,,,
0:57,3 ,7.0,7.0,7.1,7.6,7.6,,,,
0:58,7 ,7.0,7.0,7.1,7.6,7.6,,,,
0:59,7 ,7.0,7.0,7.1,7.6,7.6,,,,
1:00,7 ,7.0,6.9,6.9,6.9,6.6,,,,
1:01,7 ,7.0,6.9,6.9,6.9,6.6,,,,
1:02,7 ,7.0,6.9,6.9,6.9,6.6,,,,
1:03,7 ,7.0,6.9,6.9,6.9,6.6,,,,
1:04,7 ,7.0,6.9,6.9,6.9,6.6,,,,
1:05,6 ,6.8,6.9,6.9,6.9,6.6,,,,
1:06,7 ,6.8,6.9,6.9,6.9,6.6,,,,
1:07,7 ,6.8,6.9,6.9,6.9,6.6,,,,
1:08,7 ,6.8,6.9,6.9,6.9,6.6,,,,
1:09,7 ,6.8,6.9,6.9,6.9,6.6,,,,
1:10,7 ,7.0,7.0,6.9,6.9,6.6,,,,
1:11,7 ,7.0,7.0,6.9,6.9,6.6,,,,
1:12,7 ,7.0,7.0,6.9,6.9,6.6,,,,
1:13,7 ,7.0,7.0,6.9,6.9,6.6,,,,
1:14,7 ,7.0,7.0,6.9,6.9,6.6,,,,
1:15,7 ,7.0,7.0,6.9,6.9,6.6,,,,
1:16,7 ,7.0,7.0,6.9,6.9,6.6,,,,
1:17,7 ,7.0,7.0,6.9,6.9,6.6,,,,
1:18,7 ,7.0,7.0,6.9,6.9,6.6,,,,
1:19,7 ,7.0,7.0,6.9,6.9,6.6,,,,
1:20,7 ,7.0,6.9,6.9,6.9,6.6,,,,
1:21,7 ,7.0,6.9,6.9,6.9,6.6,,,,
1:22,7 ,7.0,6.9,6.9,6.9,6.6,,,,
1:23,7 ,7.0,6.9,6.9,6.9,6.6,,,,
1:24,7 ,7.0,6.9,6.9,6.9,6.6,,,,
1:25,7 ,6.8,6.9,6.9,6.9,6.6,,,,
1:26,7 ,6.8,6.9,6.9,6.9,6.6,,,,
1:27,6 ,6.8,6.9,6.9,6.9,6.6,,,,
1:28,9 ,6.8,6.9,6.9,6.9,6.6,,,,
1:29,5 ,6.8,6.9,6.9,6.9,6.6,,,,
1:30,7 ,7.0,6.9,6.5,6.3,6.6,,,,
1:31,7 ,7.0,6.9,6.5,6.3,6.6,,,,
1:32,8 ,7.0,6.9,6.5,6.3,6.6,,,,
1:33,8 ,7.0,6.9,6.5,6.3,6.6,,,,
1:34,6 ,7.0,6.9,6.5,6.3,6.6,,,,
1:35,7 ,6.8,6.9,6.5,6.3,6.6,,,,
1:36,6 ,6.8,6.9,6.5,6.3,6.6,,,,
1:37,7 ,6.8,6.9,6.5,6.3,6.6,,,,
1:38,7 ,6.8,6.9,6.5,6.3,6.6,,,,
1:39,7 ,6.8,6.9,6.5,6.3,6.6,,,,
1:40,5 ,5.6,5.6,6.5,6.3,6.6,,,,
1:41,6 ,5.6,5.6,6.5,6.3,6.6,,,,
1:42,6 ,5.6,5.6,6.5,6.3,6.6,,,,
1:43,6 ,5.6,5.6,6.5,6.3,6.6,,,,
1:44,5 ,5.6,5.6,6.5,6.3,6.6,,,,
1:45,6 ,5.6,5.6,6.2,6.3,6.6,,,,
1:46,6 ,5.6,5.6,6.2,6.3,6.6,,,,
1:47,5 ,5.6,5.6,6.2,6.3,6.6,,,,
1:48,6 ,5.6,5.6,6.2,6.3,6.6,,,,
1:49,5 ,5.6,5.6,6.2,6.3,6.6,,,,
1:50,7 ,6.6,6.5,6.2,6.3,6.6,,,,
1:51,6 ,6.6,6.5,6.2,6.3,6.6,,,,
1:52,7 ,6.6,6.5,6.2,6.3,6.6,,,,
1:53,6 ,6.6,6.5,6.2,6.3,6.6,,,,
1:54,7 ,6.6,6.5,6.2,6.3,6.6,,,,
1:55,6 ,6.4,6.5,6.2,6.3,6.6,,,,
1:56,7 ,6.4,6.5,6.2,6.3,6.6,,,,
1:57,6 ,6.4,6.5,6.2,6.3,6.6,,,,
1:58,6 ,6.4,6.5,6.2,6.3,6.6,,,,
1:59,7 ,6.4,6.5,6.2,6.3,6.6,,,,
2:00,6 ,6.4,6.3,6.3,5.8,6.4,,,,
2:01,7 ,6.4,6.3,6.3,5.8,6.4,,,,
2:02,6 ,6.4,6.3,6.3,5.8,6.4,,,,
2:03,8 ,6.4,6.3,6.3,5.8,6.4,,,,
2:04,5 ,6.4,6.3,6.3,5.8,6.4,,,,
2:05,6 ,6.2,6.3,6.3,5.8,6.4,,,,
2:06,6 ,6.2,6.3,6.3,5.8,6.4,,,,
2:07,7 ,6.2,6.3,6.3,5.8,6.4,,,,
2:08,6 ,6.2,6.3,6.3,5.8,6.4,,,,
2:09,6 ,6.2,6.3,6.3,5.8,6.4,,,,
2:10,7 ,6.4,6.0,6.3,5.8,6.4,,,,
2:11,6 ,6.4,6.0,6.3,5.8,6.4,,,,
2:12,6 ,6.4,6.0,6.3,5.8,6.4,,,,
2:13,8 ,6.4,6.0,6.3,5.8,6.4,,,,
2:14,5 ,6.4,6.0,6.3,5.8,6.4,,,,
2:15,6 ,5.6,6.0,5.3,5.8,6.4,,,,
2:16,5 ,5.6,6.0,5.3,5.8,6.4,,,,
2:17,6 ,5.6,6.0,5.3,5.8,6.4,,,,
2:18,6 ,5.6,6.0,5.3,5.8,6.4,,,,
2:19,5 ,5.6,6.0,5.3,5.8,6.4,,,,
2:20,7 ,5.2,5.1,5.3,5.8,6.4,,,,
2:21,4 ,5.2,5.1,5.3,5.8,6.4,,,,
2:22,6 ,5.2,5.1,5.3,5.8,6.4,,,,
2:23,5 ,5.2,5.1,5.3,5.8,6.4,,,,
2:24,4 ,5.2,5.1,5.3,5.8,6.4,,,,
2:25,5 ,5.0,5.1,5.3,5.8,6.4,,,,
2:26,5 ,5.0,5.1,5.3,5.8,6.4,,,,
2:27,5 ,5.0,5.1,5.3,5.8,6.4,,,,
2:28,5 ,5.0,5.1,5.3,5.8,6.4,,,,
2:29,5 ,5.0,5.1,5.3,5.8,6.4,,,,
2:30,6 ,7.4,7.6,7.2,7.0,6.4,,,,
2:31,8 ,7.4,7.6,7.2,7.0,6.4,,,,
2:32,8 ,7.4,7.6,7.2,7.0,6.4,,,,
2:33,9 ,7.4,7.6,7.2,7.0,6.4,,,,
2:34,6 ,7.4,7.6,7.2,7.0,6.4,,,,
2:35,8 ,7.8,7.6,7.2,7.0,6.4,,,,
2:36,8 ,7.8,7.6,7.2,7.0,6.4,,,,
2:37,8 ,7.8,7.6,7.2,7.0,6.4,,,,
2:38,7 ,7.8,7.6,7.2,7.0,6.4,,,,
2:39,8 ,7.8,7.6,7.2,7.0,6.4,,,,
2:40,7 ,6.4,6.0,7.2,7.0,6.4,,,,
2:41,8 ,6.4,6.0,7.2,7.0,6.4,,,,
2:42,6 ,6.4,6.0,7.2,7.0,6.4,,,,
2:43,6 ,6.4,6.0,7.2,7.0,6.4,,,,
2:44,5 ,6.4,6.0,7.2,7.0,6.4,,,,
2:45,4 ,5.6,6.0,6.7,7.0,6.4,,,,
2:46,5 ,5.6,6.0,6.7,7.0,6.4,,,,
2:47,5 ,5.6,6.0,6.7,7.0,6.4,,,,
2:48,6 ,5.6,6.0,6.7,7.0,6.4,,,,
2:49,8 ,5.6,6.0,6.7,7.0,6.4,,,,
2:50,7 ,7.6,7.3,6.7,7.0,6.4,,,,
2:51,8 ,7.6,7.3,6.7,7.0,6.4,,,,
2:52,9 ,7.6,7.3,6.7,7.0,6.4,,,,
2:53,6 ,7.6,7.3,6.7,7.0,6.4,,,,
2:54,8 ,7.6,7.3,6.7,7.0,6.4,,,,
2:55,8 ,7.0,7.3,6.7,7.0,6.4,,,,
2:56,7 ,7.0,7.3,6.7,7.0,6.4,,,,
2:57,8 ,7.0,7.3,6.7,7.0,6.4,,,,
2:58,7 ,7.0,7.3,6.7,7.0,6.4,,,,
2:59,5 ,7.0,7.3,6.7,7.0,6.4,,,,
3:00,4 ,4.0,5.9,6.5,5.9,6.3,,,,
3:01,3 ,4.0,5.9,6.5,5.9,6.3,,,,
3:02,3 ,4.0,5.9,6.5,5.9,6.3,,,,
3:03,4 ,4.0,5.9,6.5,5.9,6.3,,,,
3:04,6 ,4.0,5.9,6.5,5.9,6.3,,,,
3:05,6 ,7.8,5.9,6.5,5.9,6.3,,,,
3:06,8 ,7.8,5.9,6.5,5.9,6.3,,,,
3:07,8 ,7.8,5.9,6.5,5.9,6.3,,,,
3:08,9 ,7.8,5.9,6.5,5.9,6.3,,,,
3:09,8 ,7.8,5.9,6.5,5.9,6.3,,,,
3:10,8 ,7.6,6.5,6.5,5.9,6.3,,,,
3:11,8 ,7.6,6.5,6.5,5.9,6.3,,,,
3:12,7 ,7.6,6.5,6.5,5.9,6.3,,,,
3:13,8 ,7.6,6.5,6.5,5.9,6.3,,,,
3:14,7 ,7.6,6.5,6.5,5.9,6.3,,,,
3:15,7 ,5.4,6.5,5.3,5.9,6.3,,,,
3:16,6 ,5.4,6.5,5.3,5.9,6.3,,,,
3:17,6 ,5.4,6.5,5.3,5.9,6.3,,,,
3:18,4 ,5.4,6.5,5.3,5.9,6.3,,,,
3:19,4 ,5.4,6.5,5.3,5.9,6.3,,,,
3:20,3 ,4.0,5.2,5.3,5.9,6.3,,,,
3:21,3 ,4.0,5.2,5.3,5.9,6.3,,,,
3:22,3 ,4.0,5.2,5.3,5.9,6.3,,,,
3:23,5 ,4.0,5.2,5.3,5.9,6.3,,,,
3:24,6 ,4.0,5.2,5.3,5.9,6.3,,,,
3:25,6 ,6.4,5.2,5.3,5.9,6.3,,,,
3:26,6 ,6.4,5.2,5.3,5.9,6.3,,,,
3:27,6 ,6.4,5.2,5.3,5.9,6.3,,,,
3:28,6 ,6.4,5.2,5.3,5.9,6.3,,,,
3:29,8 ,6.4,5.2,5.3,5.9,6.3,,,,
3:30,8 ,7.8,7.0,7.0,6.7,6.3,,,,
3:31,13 ,7.8,7.0,7.0,6.7,6.3,,,,
3:32,7 ,7.8,7.0,7.0,6.7,6.3,,,,
3:33,7 ,7.8,7.0,7.0,6.7,6.3,,,,
3:34,5 ,7.8,7.0,7.0,6.7,6.3,,,,
3:35,6 ,6.2,7.0,7.0,6.7,6.3,,,,
3:36,5 ,6.2,7.0,7.0,6.7,6.3,,,,
3:37,5 ,6.2,7.0,7.0,6.7,6.3,,,,
3:38,7 ,6.2,7.0,7.0,6.7,6.3,,,,
3:39,8 ,6.2,7.0,7.0,6.7,6.3,,,,
3:40,8 ,7.0,6.0,7.0,6.7,6.3,,,,
3:41,6 ,7.0,6.0,7.0,6.7,6.3,,,,
3:42,6 ,7.0,6.0,7.0,6.7,6.3,,,,
3:43,6 ,7.0,6.0,7.0,6.7,6.3,,,,
3:44,9 ,7.0,6.0,7.0,6.7,6.3,,,,
3:45,3 ,5.0,6.0,6.3,6.7,6.3,,,,
3:46,5 ,5.0,6.0,6.3,6.7,6.3,,,,
3:47,6 ,5.0,6.0,6.3,6.7,6.3,,,,
3:48,8 ,5.0,6.0,6.3,6.7,6.3,,,,
3:49,3 ,5.0,6.0,6.3,6.7,6.3,,,,
3:50,5 ,5.6,7.0,6.3,6.7,6.3,,,,
3:51,5 ,5.6,7.0,6.3,6.7,6.3,,,,
3:52,7 ,5.6,7.0,6.3,6.7,6.3,,,,
3:53,4 ,5.6,7.0,6.3,6.7,6.3,,,,
3:54,7 ,5.6,7.0,6.3,6.7,6.3,,,,
3:55,9 ,8.4,7.0,6.3,6.7,6.3,,,,
3:56,8 ,8.4,7.0,6.3,6.7,6.3,,,,
3:57,8 ,8.4,7.0,6.3,6.7,6.3,,,,
3:58,8 ,8.4,7.0,6.3,6.7,6.3,,,,
3:59,9 ,8.4,7.0,6.3,6.7,6.3,,,,
4:00,8 ,6.1,4.5,5.3,6.0,6.1,,,,
4:01,7 ,6.1,4.5,5.3,6.0,6.1,,,,
4:02,6 ,6.1,4.5,5.3,6.0,6.1,,,,
4:03,5 ,6.1,4.5,5.3,6.0,6.1,,,,
4:04,4 ,6.1,4.5,5.3,6.0,6.1,,,,
4:05,4 ,2.9,4.5,5.3,6.0,6.1,,,,
4:06,2 ,2.9,4.5,5.3,6.0,6.1,,,,
4:07,2 ,2.9,4.5,5.3,6.0,6.1,,,,
4:08,3 ,2.9,4.5,5.3,6.0,6.1,,,,
4:09,3 ,2.9,4.5,5.3,6.0,6.1,,,,
4:10,5 ,6.8,7.3,5.3,6.0,6.1,,,,
4:11,6 ,6.8,7.3,5.3,6.0,6.1,,,,
4:12,8 ,6.8,7.3,5.3,6.0,6.1,,,,
4:13,7 ,6.8,7.3,5.3,6.0,6.1,,,,
4:14,8 ,6.8,7.3,5.3,6.0,6.1,,,,
4:15,7 ,7.8,7.3,6.7,6.0,6.1,,,,
4:16,8 ,7.8,7.3,6.7,6.0,6.1,,,,
4:17,7 ,7.8,7.3,6.7,6.0,6.1,,,,
4:18,8 ,7.8,7.3,6.7,6.0,6.1,,,,
4:19,9 ,7.8,7.3,6.7,6.0,6.1,,,,
4:20,8 ,5.0,6.2,6.7,6.0,6.1,,,,
4:21,5 ,5.0,6.2,6.7,6.0,6.1,,,,
4:22,5 ,5.0,6.2,6.7,6.0,6.1,,,,
4:23,3 ,5.0,6.2,6.7,6.0,6.1,,,,
4:24,4 ,5.0,6.2,6.7,6.0,6.1,,,,
4:25,4 ,7.4,6.2,6.7,6.0,6.1,,,,
4:26,8 ,7.4,6.2,6.7,6.0,6.1,,,,
4:27,8 ,7.4,6.2,6.7,6.0,6.1,,,,
4:28,9 ,7.4,6.2,6.7,6.0,6.1,,,,
4:29,8 ,7.4,6.2,6.7,6.0,6.1,,,,
4:30,9 ,8.4,6.4,6.2,6.2,6.1,,,,
4:31,8 ,8.4,6.4,6.2,6.2,6.1,,,,
4:32,9 ,8.4,6.4,6.2,6.2,6.1,,,,
4:33,8 ,8.4,6.4,6.2,6.2,6.1,,,,
4:34,8 ,8.4,6.4,6.2,6.2,6.1,,,,
4:35,7 ,4.4,6.4,6.2,6.2,6.1,,,,
4:36,7 ,4.4,6.4,6.2,6.2,6.1,,,,
4:37,3 ,4.4,6.4,6.2,6.2,6.1,,,,
4:38,3 ,4.4,6.4,6.2,6.2,6.1,,,,
4:39,2 ,4.4,6.4,6.2,6.2,6.1,,,,
4:40,3 ,5.8,7.3,6.2,6.2,6.1,,,,
4:41,4 ,5.8,7.3,6.2,6.2,6.1,,,,
4:42,6 ,5.8,7.3,6.2,6.2,6.1,,,,
4:43,8 ,5.8,7.3,6.2,6.2,6.1,,,,
4:44,8 ,5.8,7.3,6.2,6.2,6.1,,,,
4:45,9 ,8.8,7.3,6.2,6.2,6.1,,,,
4:46,9 ,8.8,7.3,6.2,6.2,6.1,,,,
4:47,9 ,8.8,7.3,6.2,6.2,6.1,,,,
4:48,8 ,8.8,7.3,6.2,6.2,6.1,,,,
4:49,9 ,8.8,7.3,6.2,6.2,6.1,,,,
4:50,8 ,6.2,4.9,6.2,6.2,6.1,,,,
4:51,9 ,6.2,4.9,6.2,6.2,6.1,,,,
4:52,6 ,6.2,4.9,6.2,6.2,6.1,,,,
4:53,5 ,6.2,4.9,6.2,6.2,6.1,,,,
4:54,3 ,6.2,4.9,6.2,6.2,6.1,,,,
4:55,4 ,3.6,4.9,6.2,6.2,6.1,,,,
4:56,3 ,3.6,4.9,6.2,6.2,6.1,,,,
4:57,3 ,3.6,4.9,6.2,6.2,6.1,,,,
4:58,3 ,3.6,4.9,6.2,6.2,6.1,,,,
4:59,5 ,3.6,4.9,6.2,6.2,6.1,,,,
5:00,6 ,6.0,6.4,6.1,6.1,6.5,,,,
5:01,6 ,6.0,6.4,6.1,6.1,6.5,,,,
5:02,6 ,6.0,6.4,6.1,6.1,6.5,,,,
5:03,6 ,6.0,6.4,6.1,6.1,6.5,,,,
5:04,6 ,6.0,6.4,6.1,6.1,6.5,,,,
5:05,6 ,6.8,6.4,6.1,6.1,6.5,,,,
5:06,6 ,6.8,6.4,6.1,6.1,6.5,,,,
5:07,5 ,6.8,6.4,6.1,6.1,6.5,,,,
5:08,8 ,6.8,6.4,6.1,6.1,6.5,,,,
5:09,9 ,6.8,6.4,6.1,6.1,6.5,,,,
5:10,6 ,5.6,6.4,6.1,6.1,6.5,,,,
5:11,6 ,5.6,6.4,6.1,6.1,6.5,,,,
5:12,5 ,5.6,6.4,6.1,6.1,6.5,,,,
5:13,5 ,5.6,6.4,6.1,6.1,6.5,,,,
5:14,6 ,5.6,6.4,6.1,6.1,6.5,,,,
5:15,5 ,7.2,6.4,6.1,6.1,6.5,,,,
5:16,6 ,7.2,6.4,6.1,6.1,6.5,,,,
5:17,9 ,7.2,6.4,6.1,6.1,6.5,,,,
5:18,8 ,7.2,6.4,6.1,6.1,6.5,,,,
5:19,8 ,7.2,6.4,6.1,6.1,6.5,,,,
5:20,8 ,7.0,5.5,6.1,6.1,6.5,,,,
5:21,7 ,7.0,5.5,6.1,6.1,6.5,,,,
5:22,7 ,7.0,5.5,6.1,6.1,6.5,,,,
5:23,6 ,7.0,5.5,6.1,6.1,6.5,,,,
5:24,7 ,7.0,5.5,6.1,6.1,6.5,,,,
5:25,6 ,4.0,5.5,6.1,6.1,6.5,,,,
5:26,5 ,4.0,5.5,6.1,6.1,6.5,,,,
5:27,4 ,4.0,5.5,6.1,6.1,6.5,,,,
5:28,2 ,4.0,5.5,6.1,6.1,6.5,,,,
5:29,3 ,4.0,5.5,6.1,6.1,6.5,,,,
5:30,3 ,5.8,6.5,6.8,7.0,6.5,,,,
5:31,4 ,5.8,6.5,6.8,7.0,6.5,,,,
5:32,4 ,5.8,6.5,6.8,7.0,6.5,,,,
5:33,6 ,5.8,6.5,6.8,7.0,6.5,,,,
5:34,12 ,5.8,6.5,6.8,7.0,6.5,,,,
5:35,4 ,7.2,6.5,6.8,7.0,6.5,,,,
5:36,8 ,7.2,6.5,6.8,7.0,6.5,,,,
5:37,9 ,7.2,6.5,6.8,7.0,6.5,,,,
5:38,9 ,7.2,6.5,6.8,7.0,6.5,,,,
5:39,6 ,7.2,6.5,6.8,7.0,6.5,,,,
5:40,6 ,7.4,6.4,6.8,7.0,6.5,,,,
5:41,7 ,7.4,6.4,6.8,7.0,6.5,,,,
5:42,8 ,7.4,6.4,6.8,7.0,6.5,,,,
5:43,8 ,7.4,6.4,6.8,7.0,6.5,,,,
5:44,8 ,7.4,6.4,6.8,7.0,6.5,,,,
5:45,5 ,5.4,6.4,7.2,7.0,6.5,,,,
5:46,5 ,5.4,6.4,7.2,7.0,6.5,,,,
5:47,6 ,5.4,6.4,7.2,7.0,6.5,,,,
5:48,5 ,5.4,6.4,7.2,7.0,6.5,,,,
5:49,6 ,5.4,6.4,7.2,7.0,6.5,,,,
5:50,7 ,8.2,8.1,7.2,7.0,6.5,,,,
5:51,8 ,8.2,8.1,7.2,7.0,6.5,,,,
5:52,9 ,8.2,8.1,7.2,7.0,6.5,,,,
5:53,9 ,8.2,8.1,7.2,7.0,6.5,,,,
5:54,8 ,8.2,8.1,7.2,7.0,6.5,,,,
5:55,8 ,8.0,8.1,7.2,7.0,6.5,,,,
5:56,8 ,8.0,8.1,7.2,7.0,6.5,,,,
5:57,8 ,8.0,8.1,7.2,7.0,6.5,,,,
5:58,9 ,8.0,8.1,7.2,7.0,6.5,,,,
5:59,7 ,8.0,8.1,7.2,7.0,6.5,,,,
6:00,9 ,7.0,6.8,7.9,7.6,6.5,,,,
6:01,8 ,7.0,6.8,7.9,7.6,6.5,,,,
6:02,9 ,7.0,6.8,7.9,7.6,6.5,,,,
6:03,3 ,7.0,6.8,7.9,7.6,6.5,,,,
6:04,6 ,7.0,6.8,7.9,7.6,6.5,,,,
6:05,6 ,6.6,6.8,7.9,7.6,6.5,,,,
6:06,5 ,6.6,6.8,7.9,7.6,6.5,,,,
6:07,4 ,6.6,6.8,7.9,7.6,6.5,,,,
6:08,6 ,6.6,6.8,7.9,7.6,6.5,,,,
6:09,12 ,6.6,6.8,7.9,7.6,6.5,,,,
6:10,11 ,10.0,9.9,7.9,7.6,6.5,,,,
6:11,10 ,10.0,9.9,7.9,7.6,6.5,,,,
6:12,10 ,10.0,9.9,7.9,7.6,6.5,,,,
6:13,9 ,10.0,9.9,7.9,7.6,6.5,,,,
6:14,10 ,10.0,9.9,7.9,7.6,6.5,,,,
6:15,10 ,9.8,9.9,7.4,7.6,6.5,,,,
6:16,9 ,9.8,9.9,7.4,7.6,6.5,,,,
6:17,10 ,9.8,9.9,7.4,7.6,6.5,,,,
6:18,10 ,9.8,9.9,7.4,7.6,6.5,,,,
6:19,10 ,9.8,9.9,7.4,7.6,6.5,,,,
6:20,7 ,5.2,6.2,7.4,7.6,6.5,,,,
6:21,6 ,5.2,6.2,7.4,7.6,6.5,,,,
6:22,4 ,5.2,6.2,7.4,7.6,6.5,,,,
6:23,5 ,5.2,6.2,7.4,7.6,6.5,,,,
6:24,4 ,5.2,6.2,7.4,7.6,6.5,,,,
6:25,7 ,7.2,6.2,7.4,7.6,6.5,,,,
6:26,7 ,7.2,6.2,7.4,7.6,6.5,,,,
6:27,7 ,7.2,6.2,7.4,7.6,6.5,,,,
6:28,8 ,7.2,6.2,7.4,7.6,6.5,,,,
6:29,7 ,7.2,6.2,7.4,7.6,6.5,,,,
6:30,8 ,7.2,6.1,5.7,5.4,6.5,,,,
6:31,7 ,7.2,6.1,5.7,5.4,6.5,,,,
6:32,7 ,7.2,6.1,5.7,5.4,6.5,,,,
6:33,7 ,7.2,6.1,5.7,5.4,6.5,,,,
6:34,7 ,7.2,6.1,5.7,5.4,6.5,,,,
6:35,7 ,5.0,6.1,5.7,5.4,6.5,,,,
6:36,6 ,5.0,6.1,5.7,5.4,6.5,,,,
6:37,4 ,5.0,6.1,5.7,5.4,6.5,,,,
6:38,4 ,5.0,6.1,5.7,5.4,6.5,,,,
6:39,4 ,5.0,6.1,5.7,5.4,6.5,,,,
6:40,4 ,5.0,5.3,5.7,5.4,6.5,,,,
6:41,5 ,5.0,5.3,5.7,5.4,6.5,,,,
6:42,5 ,5.0,5.3,5.7,5.4,6.5,,,,
6:43,6 ,5.0,5.3,5.7,5.4,6.5,,,,
6:44,5 ,5.0,5.3,5.7,5.4,6.5,,,,
6:45,5 ,5.6,5.3,5.1,5.4,6.5,,,,
6:46,6 ,5.6,5.3,5.1,5.4,6.5,,,,
6:47,5 ,5.6,5.3,5.1,5.4,6.5,,,,
6:48,6 ,5.6,5.3,5.1,5.4,6.5,,,,
6:49,6 ,5.6,5.3,5.1,5.4,6.5,,,,
6:50,6 ,5.0,4.8,5.1,5.4,6.5,,,,
6:51,6 ,5.0,4.8,5.1,5.4,6.5,,,,
6:52,6 ,5.0,4.8,5.1,5.4,6.5,,,,
6:53,4 ,5.0,4.8,5.1,5.4,6.5,,,,
6:54,3 ,5.0,4.8,5.1,5.4,6.5,,,,
6:55,4 ,4.6,4.8,5.1,5.4,6.5,,,,
6:56,4 ,4.6,4.8,5.1,5.4,6.5,,,,
6:57,5 ,4.6,4.8,5.1,5.4,6.5,,,,
6:58,3 ,4.6,4.8,5.1,5.4,6.5,,,,
6:59,7 ,4.6,4.8,5.1,5.4,6.5,,,,
7:00,7 ,10.4,17.0,20.5,23.9,18.6,,,,
7:01,4 ,10.4,17.0,20.5,23.9,18.6,,,,
7:02,10 ,10.4,17.0,20.5,23.9,18.6,,,,
7:03,13 ,10.4,17.0,20.5,23.9,18.6,,,,
7:04,18 ,10.4,17.0,20.5,23.9,18.6,,,,
7:05,26 ,23.6,17.0,20.5,23.9,18.6,,,,
7:06,14 ,23.6,17.0,20.5,23.9,18.6,,,,
7:07,22 ,23.6,17.0,20.5,23.9,18.6,,,,
7:08,29 ,23.6,17.0,20.5,23.9,18.6,,,,
7:09,27 ,23.6,17.0,20.5,23.9,18.6,,,,
7:10,29 ,27.6,21.1,20.5,23.9,18.6,,,,
7:11,28 ,27.6,21.1,20.5,23.9,18.6,,,,
7:12,28 ,27.6,21.1,20.5,23.9,18.6,,,,
7:13,26 ,27.6,21.1,20.5,23.9,18.6,,,,
7:14,27 ,27.6,21.1,20.5,23.9,18.6,,,,
7:15,12 ,14.6,21.1,27.3,23.9,18.6,,,,
7:16,14 ,14.6,21.1,27.3,23.9,18.6,,,,
7:17,13 ,14.6,21.1,27.3,23.9,18.6,,,,
7:18,18 ,14.6,21.1,27.3,23.9,18.6,,,,
7:19,16 ,14.6,21.1,27.3,23.9,18.6,,,,
7:20,13 ,45.0,33.7,27.3,23.9,18.6,,,,
7:21,13 ,45.0,33.7,27.3,23.9,18.6,,,,
7:22,49 ,45.0,33.7,27.3,23.9,18.6,,,,
7:23,72 ,45.0,33.7,27.3,23.9,18.6,,,,
7:24,78 ,45.0,33.7,27.3,23.9,18.6,,,,
7:25,41 ,22.4,33.7,27.3,23.9,18.6,,,,
7:26,32 ,22.4,33.7,27.3,23.9,18.6,,,,
7:27,21 ,22.4,33.7,27.3,23.9,18.6,,,,
7:28,10 ,22.4,33.7,27.3,23.9,18.6,,,,
7:29,8 ,22.4,33.7,27.3,23.9,18.6,,,,
7:30,10 ,11.8,13.3,14.0,13.2,18.6,,,,
7:31,12 ,11.8,13.3,14.0,13.2,18.6,,,,
7:32,13 ,11.8,13.3,14.0,13.2,18.6,,,,
7:33,11 ,11.8,13.3,14.0,13.2,18.6,,,,
7:34,13 ,11.8,13.3,14.0,13.2,18.6,,,,
7:35,14 ,14.8,13.3,14.0,13.2,18.6,,,,
7:36,15 ,14.8,13.3,14.0,13.2,18.6,,,,
7:37,14 ,14.8,13.3,14.0,13.2,18.6,,,,
7:38,16 ,14.8,13.3,14.0,13.2,18.6,,,,
7:39,15 ,14.8,13.3,14.0,13.2,18.6,,,,
7:40,16 ,15.4,13.7,14.0,13.2,18.6,,,,
7:41,16 ,15.4,13.7,14.0,13.2,18.6,,,,
7:42,16 ,15.4,13.7,14.0,13.2,18.6,,,,
7:43,17 ,15.4,13.7,14.0,13.2,18.6,,,,
7:44,12 ,15.4,13.7,14.0,13.2,18.6,,,,
7:45,12 ,12.0,13.7,12.4,13.2,18.6,,,,
7:46,12 ,12.0,13.7,12.4,13.2,18.6,,,,
7:47,12 ,12.0,13.7,12.4,13.2,18.6,,,,
7:48,12 ,12.0,13.7,12.4,13.2,18.6,,,,
7:49,12 ,12.0,13.7,12.4,13.2,18.6,,,,
7:50,11 ,11.0,12.6,12.4,13.2,18.6,,,,
7:51,10 ,11.0,12.6,12.4,13.2,18.6,,,,
7:52,10 ,11.0,12.6,12.4,13.2,18.6,,,,
7:53,12 ,11.0,12.6,12.4,13.2,18.6,,,,
7:54,12 ,11.0,12.6,12.4,13.2,18.6,,,,
7:55,14 ,14.2,12.6,12.4,13.2,18.6,,,,
7:56,16 ,14.2,12.6,12.4,13.2,18.6,,,,
7:57,18 ,14.2,12.6,12.4,13.2,18.6,,,,
7:58,11 ,14.2,12.6,12.4,13.2,18.6,,,,
7:59,12 ,14.2,12.6,12.4,13.2,18.6,,,,
8:00,12 ,11.2,11.0,10.7,11.3,10.7,,,,
8:01,12 ,11.2,11.0,10.7,11.3,10.7,,,,
8:02,11 ,11.2,11.0,10.7,11.3,10.7,,,,
8:03,10 ,11.2,11.0,10.7,11.3,10.7,,,,
8:04,11 ,11.2,11.0,10.7,11.3,10.7,,,,
8:05,10 ,10.8,11.0,10.7,11.3,10.7,,,,
8:06,11 ,10.8,11.0,10.7,11.3,10.7,,,,
8:07,12 ,10.8,11.0,10.7,11.3,10.7,,,,
8:08,11 ,10.8,11.0,10.7,11.3,10.7,,,,
8:09,10 ,10.8,11.0,10.7,11.3,10.7,,,,
8:10,10 ,10.2,11.7,10.7,11.3,10.7,,,,
8:11,10 ,10.2,11.7,10.7,11.3,10.7,,,,
8:12,9 ,10.2,11.7,10.7,11.3,10.7,,,,
8:13,11 ,10.2,11.7,10.7,11.3,10.7,,,,
8:14,11 ,10.2,11.7,10.7,11.3,10.7,,,,
8:15,11 ,13.2,11.7,11.8,11.3,10.7,,,,
8:16,11 ,13.2,11.7,11.8,11.3,10.7,,,,
8:17,11 ,13.2,11.7,11.8,11.3,10.7,,,,
8:18,16 ,13.2,11.7,11.8,11.3,10.7,,,,
8:19,16 ,13.2,11.7,11.8,11.3,10.7,,,,
8:20,15 ,12.0,11.1,11.8,11.3,10.7,,,,
8:21,12 ,12.0,11.1,11.8,11.3,10.7,,,,
8:22,11 ,12.0,11.1,11.8,11.3,10.7,,,,
8:23,11 ,12.0,11.1,11.8,11.3,10.7,,,,
8:24,11 ,12.0,11.1,11.8,11.3,10.7,,,,
8:25,10 ,10.2,11.1,11.8,11.3,10.7,,,,
8:26,10 ,10.2,11.1,11.8,11.3,10.7,,,,
8:27,11 ,10.2,11.1,11.8,11.3,10.7,,,,
8:28,10 ,10.2,11.1,11.8,11.3,10.7,,,,
8:29,10 ,10.2,11.1,11.8,11.3,10.7,,,,
8:30,10 ,10.4,10.5,10.5,10.2,10.7,,,,
8:31,12 ,10.4,10.5,10.5,10.2,10.7,,,,
8:32,10 ,10.4,10.5,10.5,10.2,10.7,,,,
8:33,10 ,10.4,10.5,10.5,10.2,10.7,,,,
8:34,10 ,10.4,10.5,10.5,10.2,10.7,,,,
8:35,11 ,10.6,10.5,10.5,10.2,10.7,,,,
8:36,11 ,10.6,10.5,10.5,10.2,10.7,,,,
8:37,10 ,10.6,10.5,10.5,10.2,10.7,,,,
8:38,11 ,10.6,10.5,10.5,10.2,10.7,,,,
8:39,10 ,10.6,10.5,10.5,10.2,10.7,,,,
8:40,10 ,10.4,10.3,10.5,10.2,10.7,,,,
8:41,11 ,10.4,10.3,10.5,10.2,10.7,,,,
8:42,10 ,10.4,10.3,10.5,10.2,10.7,,,,
8:43,10 ,10.4,10.3,10.5,10.2,10.7,,,,
8:44,11 ,10.4,10.3,10.5,10.2,10.7,,,,
8:45,10 ,10.2,10.3,9.9,10.2,10.7,,,,
8:46,10 ,10.2,10.3,9.9,10.2,10.7,,,,
8:47,10 ,10.2,10.3,9.9,10.2,10.7,,,,
8:48,11 ,10.2,10.3,9.9,10.2,10.7,,,,
8:49,10 ,10.2,10.3,9.9,10.2,10.7,,,,
8:50,10 ,9.4,9.7,9.9,10.2,10.7,,,,
8:51,11 ,9.4,9.7,9.9,10.2,10.7,,,,
8:52,8 ,9.4,9.7,9.9,10.2,10.7,,,,
8:53,9 ,9.4,9.7,9.9,10.2,10.7,,,,
8:54,9 ,9.4,9.7,9.9,10.2,10.7,,,,
8:55,10 ,10.0,9.7,9.9,10.2,10.7,,,,
8:56,9 ,10.0,9.7,9.9,10.2,10.7,,,,
8:57,9 ,10.0,9.7,9.9,10.2,10.7,,,,
8:58,11 ,10.0,9.7,9.9,10.2,10.7,,,,
8:59,10 ,10.0,9.7,9.9,10.2,10.7,,,,
9:00,10 ,10.6,10.2,11.5,12.9,13.9,,,,
9:01,10 ,10.6,10.2,11.5,12.9,13.9,,,,
9:02,12 ,10.6,10.2,11.5,12.9,13.9,,,,
9:03,11 ,10.6,10.2,11.5,12.9,13.9,,,,
9:04,10 ,10.6,10.2,11.5,12.9,13.9,,,,
9:05,10 ,9.8,10.2,11.5,12.9,13.9,,,,
9:06,9 ,9.8,10.2,11.5,12.9,13.9,,,,
9:07,10 ,9.8,10.2,11.5,12.9,13.9,,,,
9:08,10 ,9.8,10.2,11.5,12.9,13.9,,,,
9:09,10 ,9.8,10.2,11.5,12.9,13.9,,,,
9:10,10 ,14.0,13.8,11.5,12.9,13.9,,,,
9:11,9 ,14.0,13.8,11.5,12.9,13.9,,,,
9:12,18 ,14.0,13.8,11.5,12.9,13.9,,,,
9:13,8 ,14.0,13.8,11.5,12.9,13.9,,,,
9:14,25 ,14.0,13.8,11.5,12.9,13.9,,,,
9:15,7 ,13.6,13.8,14.3,12.9,13.9,,,,
9:16,16 ,13.6,13.8,14.3,12.9,13.9,,,,
9:17,15 ,13.6,13.8,14.3,12.9,13.9,,,,
9:18,19 ,13.6,13.8,14.3,12.9,13.9,,,,
9:19,11 ,13.6,13.8,14.3,12.9,13.9,,,,
9:20,14 ,14.8,14.7,14.3,12.9,13.9,,,,
9:21,18 ,14.8,14.7,14.3,12.9,13.9,,,,
9:22,13 ,14.8,14.7,14.3,12.9,13.9,,,,
9:23,15 ,14.8,14.7,14.3,12.9,13.9,,,,
9:24,14 ,14.8,14.7,14.3,12.9,13.9,,,,
9:25,15 ,14.6,14.7,14.3,12.9,13.9,,,,
9:26,15 ,14.6,14.7,14.3,12.9,13.9,,,,
9:27,14 ,14.6,14.7,14.3,12.9,13.9,,,,
9:28,14 ,14.6,14.7,14.3,12.9,13.9,,,,
9:29,15 ,14.6,14.7,14.3,12.9,13.9,,,,
9:30,15 ,15.0,15.1,15.1,15.0,13.9,,,,
9:31,15 ,15.0,15.1,15.1,15.0,13.9,,,,
9:32,15 ,15.0,15.1,15.1,15.0,13.9,,,,
9:33,15 ,15.0,15.1,15.1,15.0,13.9,,,,
9:34,15 ,15.0,15.1,15.1,15.0,13.9,,,,
9:35,16 ,15.2,15.1,15.1,15.0,13.9,,,,
9:36,15 ,15.2,15.1,15.1,15.0,13.9,,,,
9:37,15 ,15.2,15.1,15.1,15.0,13.9,,,,
9:38,15 ,15.2,15.1,15.1,15.0,13.9,,,,
9:39,15 ,15.2,15.1,15.1,15.0,13.9,,,,
9:40,16 ,15.2,15.2,15.1,15.0,13.9,,,,
9:41,15 ,15.2,15.2,15.1,15.0,13.9,,,,
9:42,15 ,15.2,15.2,15.1,15.0,13.9,,,,
9:43,15 ,15.2,15.2,15.1,15.0,13.9,,,,
9:44,15 ,15.2,15.2,15.1,15.0,13.9,,,,
9:45,16 ,15.2,15.2,14.8,15.0,13.9,,,,
9:46,15 ,15.2,15.2,14.8,15.0,13.9,,,,
9:47,15 ,15.2,15.2,14.8,15.0,13.9,,,,
9:48,15 ,15.2,15.2,14.8,15.0,13.9,,,,
9:49,15 ,15.2,15.2,14.8,15.0,13.9,,,,
9:50,16 ,15.2,14.6,14.8,15.0,13.9,,,,
9:51,15 ,15.2,14.6,14.8,15.0,13.9,,,,
9:52,15 ,15.2,14.6,14.8,15.0,13.9,,,,
9:53,15 ,15.2,14.6,14.8,15.0,13.9,,,,
9:54,15 ,15.2,14.6,14.8,15.0,13.9,,,,
9:55,14 ,14.0,14.6,14.8,15.0,13.9,,,,
9:56,14 ,14.0,14.6,14.8,15.0,13.9,,,,
9:57,14 ,14.0,14.6,14.8,15.0,13.9,,,,
9:58,14 ,14.0,14.6,14.8,15.0,13.9,,,,
9:59,14 ,14.0,14.6,14.8,15.0,13.9,,,,
10:00,14 ,13.2,13.2,13.3,15.3,18.6,,,,
10:01,13 ,13.2,13.2,13.3,15.3,18.6,,,,
10:02,13 ,13.2,13.2,13.3,15.3,18.6,,,,
10:03,13 ,13.2,13.2,13.3,15.3,18.6,,,,
10:04,13 ,13.2,13.2,13.3,15.3,18.6,,,,
10:05,13 ,13.2,13.2,13.3,15.3,18.6,,,,
10:06,13 ,13.2,13.2,13.3,15.3,18.6,,,,
10:07,13 ,13.2,13.2,13.3,15.3,18.6,,,,
10:08,13 ,13.2,13.2,13.3,15.3,18.6,,,,
10:09,14 ,13.2,13.2,13.3,15.3,18.6,,,,
10:10,14 ,13.6,13.6,13.3,15.3,18.6,,,,
10:11,13 ,13.6,13.6,13.3,15.3,18.6,,,,
10:12,13 ,13.6,13.6,13.3,15.3,18.6,,,,
10:13,14 ,13.6,13.6,13.3,15.3,18.6,,,,
10:14,14 ,13.6,13.6,13.3,15.3,18.6,,,,
10:15,13 ,13.6,13.6,17.3,15.3,18.6,,,,
10:16,14 ,13.6,13.6,17.3,15.3,18.6,,,,
10:17,14 ,13.6,13.6,17.3,15.3,18.6,,,,
10:18,13 ,13.6,13.6,17.3,15.3,18.6,,,,
10:19,14 ,13.6,13.6,17.3,15.3,18.6,,,,
10:20,15 ,18.2,19.1,17.3,15.3,18.6,,,,
10:21,15 ,18.2,19.1,17.3,15.3,18.6,,,,
10:22,18 ,18.2,19.1,17.3,15.3,18.6,,,,
10:23,20 ,18.2,19.1,17.3,15.3,18.6,,,,
10:24,24 ,18.2,19.1,17.3,15.3,18.6,,,,
10:25,18 ,20.0,19.1,17.3,15.3,18.6,,,,
10:26,21 ,20.0,19.1,17.3,15.3,18.6,,,,
10:27,20 ,20.0,19.1,17.3,15.3,18.6,,,,
10:28,21 ,20.0,19.1,17.3,15.3,18.6,,,,
10:29,20 ,20.0,19.1,17.3,15.3,18.6,,,,
10:30,22 ,21.8,21.8,21.9,21.9,18.6,,,,
10:31,21 ,21.8,21.8,21.9,21.9,18.6,,,,
10:32,21 ,21.8,21.8,21.9,21.9,18.6,,,,
10:33,22 ,21.8,21.8,21.9,21.9,18.6,,,,
10:34,23 ,21.8,21.8,21.9,21.9,18.6,,,,
10:35,27 ,21.8,21.8,21.9,21.9,18.6,,,,
10:36,23 ,21.8,21.8,21.9,21.9,18.6,,,,
10:37,19 ,21.8,21.8,21.9,21.9,18.6,,,,
10:38,19 ,21.8,21.8,21.9,21.9,18.6,,,,
10:39,20 ,21.8,21.8,21.9,21.9,18.6,,,,
10:40,23 ,22.2,22.4,21.9,21.9,18.6,,,,
10:41,21 ,22.2,22.4,21.9,21.9,18.6,,,,
10:42,22 ,22.2,22.4,21.9,21.9,18.6,,,,
10:43,23 ,22.2,22.4,21.9,21.9,18.6,,,,
10:44,22 ,22.2,22.4,21.9,21.9,18.6,,,,
10:45,23 ,22.6,22.4,21.9,21.9,18.6,,,,
10:46,23 ,22.6,22.4,21.9,21.9,18.6,,,,
10:47,23 ,22.6,22.4,21.9,21.9,18.6,,,,
10:48,22 ,22.6,22.4,21.9,21.9,18.6,,,,
10:49,22 ,22.6,22.4,21.9,21.9,18.6,,,,
10:50,22 ,21.6,21.5,21.9,21.9,18.6,,,,
10:51,22 ,21.6,21.5,21.9,21.9,18.6,,,,
10:52,21 ,21.6,21.5,21.9,21.9,18.6,,,,
10:53,22 ,21.6,21.5,21.9,21.9,18.6,,,,
10:54,21 ,21.6,21.5,21.9,21.9,18.6,,,,
10:55,21 ,21.4,21.5,21.9,21.9,18.6,,,,
10:56,35 ,21.4,21.5,21.9,21.9,18.6,,,,
10:57,8 ,21.4,21.5,21.9,21.9,18.6,,,,
10:58,22 ,21.4,21.5,21.9,21.9,18.6,,,,
10:59,21 ,21.4,21.5,21.9,21.9,18.6,,,,
11:00,21 ,21.4,21.7,21.9,21.6,18.3,,,,
11:01,21 ,21.4,21.7,21.9,21.6,18.3,,,,
11:02,21 ,21.4,21.7,21.9,21.6,18.3,,,,
11:03,22 ,21.4,21.7,21.9,21.6,18.3,,,,
11:04,22 ,21.4,21.7,21.9,21.6,18.3,,,,
11:05,21 ,22.0,21.7,21.9,21.6,18.3,,,,
11:06,22 ,22.0,21.7,21.9,21.6,18.3,,,,
11:07,22 ,22.0,21.7,21.9,21.6,18.3,,,,
11:08,22 ,22.0,21.7,21.9,21.6,18.3,,,,
11:09,23 ,22.0,21.7,21.9,21.6,18.3,,,,
11:10,22 ,22.4,22.3,21.9,21.6,18.3,,,,
11:11,23 ,22.4,22.3,21.9,21.6,18.3,,,,
11:12,22 ,22.4,22.3,21.9,21.6,18.3,,,,
11:13,23 ,22.4,22.3,21.9,21.6,18.3,,,,
11:14,22 ,22.4,22.3,21.9,21.6,18.3,,,,
11:15,23 ,22.2,22.3,21.3,21.6,18.3,,,,
11:16,22 ,22.2,22.3,21.3,21.6,18.3,,,,
11:17,22 ,22.2,22.3,21.3,21.6,18.3,,,,
11:18,22 ,22.2,22.3,21.3,21.6,18.3,,,,
11:19,22 ,22.2,22.3,21.3,21.6,18.3,,,,
11:20,27 ,21.8,20.8,21.3,21.6,18.3,,,,
11:21,30 ,21.8,20.8,21.3,21.6,18.3,,,,
11:22,8 ,21.8,20.8,21.3,21.6,18.3,,,,
11:23,22 ,21.8,20.8,21.3,21.6,18.3,,,,
11:24,22 ,21.8,20.8,21.3,21.6,18.3,,,,
11:25,22 ,19.8,20.8,21.3,21.6,18.3,,,,
11:26,22 ,19.8,20.8,21.3,21.6,18.3,,,,
11:27,21 ,19.8,20.8,21.3,21.6,18.3,,,,
11:28,19 ,19.8,20.8,21.3,21.6,18.3,,,,
11:29,15 ,19.8,20.8,21.3,21.6,18.3,,,,
11:30,15 ,15.4,15.0,15.1,15.0,18.3,,,,
11:31,16 ,15.4,15.0,15.1,15.0,18.3,,,,
11:32,15 ,15.4,15.0,15.1,15.0,18.3,,,,
11:33,16 ,15.4,15.0,15.1,15.0,18.3,,,,
11:34,15 ,15.4,15.0,15.1,15.0,18.3,,,,
11:35,15 ,14.6,15.0,15.1,15.0,18.3,,,,
11:36,14 ,14.6,15.0,15.1,15.0,18.3,,,,
11:37,15 ,14.6,15.0,15.1,15.0,18.3,,,,
11:38,14 ,14.6,15.0,15.1,15.0,18.3,,,,
11:39,15 ,14.6,15.0,15.1,15.0,18.3,,,,
11:40,15 ,15.4,15.1,15.1,15.0,18.3,,,,
11:41,15 ,15.4,15.1,15.1,15.0,18.3,,,,
11:42,15 ,15.4,15.1,15.1,15.0,18.3,,,,
11:43,16 ,15.4,15.1,15.1,15.0,18.3,,,,
11:44,16 ,15.4,15.1,15.1,15.0,18.3,,,,
11:45,14 ,14.8,15.1,14.8,15.0,18.3,,,,
11:46,15 ,14.8,15.1,14.8,15.0,18.3,,,,
11:47,15 ,14.8,15.1,14.8,15.0,18.3,,,,
11:48,15 ,14.8,15.1,14.8,15.0,18.3,,,,
11:49,15 ,14.8,15.1,14.8,15.0,18.3,,,,
11:50,16 ,15.0,14.8,14.8,15.0,18.3,,,,
11:51,15 ,15.0,14.8,14.8,15.0,18.3,,,,
11:52,14 ,15.0,14.8,14.8,15.0,18.3,,,,
11:53,15 ,15.0,14.8,14.8,15.0,18.3,,,,
11:54,15 ,15.0,14.8,14.8,15.0,18.3,,,,
11:55,14 ,14.6,14.8,14.8,15.0,18.3,,,,
11:56,15 ,14.6,14.8,14.8,15.0,18.3,,,,
11:57,15 ,14.6,14.8,14.8,15.0,18.3,,,,
11:58,14 ,14.6,14.8,14.8,15.0,18.3,,,,
11:59,15 ,14.6,14.8,14.8,15.0,18.3,,,,
12:00,15 ,14.6,14.4,14.2,14.3,15.8,,,,
12:01,15 ,14.6,14.4,14.2,14.3,15.8,,,,
12:02,15 ,14.6,14.4,14.2,14.3,15.8,,,,
12:03,15 ,14.6,14.4,14.2,14.3,15.8,,,,
12:04,14 ,14.6,14.4,14.2,14.3,15.8,,,,
12:05,15 ,14.2,14.4,14.2,14.3,15.8,,,,
12:06,14 ,14.2,14.4,14.2,14.3,15.8,,,,
12:07,15 ,14.2,14.4,14.2,14.3,15.8,,,,
12:08,14 ,14.2,14.4,14.2,14.3,15.8,,,,
12:09,13 ,14.2,14.4,14.2,14.3,15.8,,,,
12:10,14 ,13.8,13.9,14.2,14.3,15.8,,,,
12:11,14 ,13.8,13.9,14.2,14.3,15.8,,,,
12:12,14 ,13.8,13.9,14.2,14.3,15.8,,,,
12:13,14 ,13.8,13.9,14.2,14.3,15.8,,,,
12:14,13 ,13.8,13.9,14.2,14.3,15.8,,,,
12:15,14 ,14.0,13.9,14.3,14.3,15.8,,,,
12:16,14 ,14.0,13.9,14.3,14.3,15.8,,,,
12:17,14 ,14.0,13.9,14.3,14.3,15.8,,,,
12:18,14 ,14.0,13.9,14.3,14.3,15.8,,,,
12:19,14 ,14.0,13.9,14.3,14.3,15.8,,,,
12:20,14 ,13.8,14.5,14.3,14.3,15.8,,,,
12:21,13 ,13.8,14.5,14.3,14.3,15.8,,,,
12:22,14 ,13.8,14.5,14.3,14.3,15.8,,,,
12:23,14 ,13.8,14.5,14.3,14.3,15.8,,,,
12:24,14 ,13.8,14.5,14.3,14.3,15.8,,,,
12:25,15 ,15.2,14.5,14.3,14.3,15.8,,,,
12:26,15 ,15.2,14.5,14.3,14.3,15.8,,,,
12:27,16 ,15.2,14.5,14.3,14.3,15.8,,,,
12:28,15 ,15.2,14.5,14.3,14.3,15.8,,,,
12:29,15 ,15.2,14.5,14.3,14.3,15.8,,,,
12:30,15 ,14.6,14.5,14.2,17.2,15.8,,,,
12:31,14 ,14.6,14.5,14.2,17.2,15.8,,,,
12:32,15 ,14.6,14.5,14.2,17.2,15.8,,,,
12:33,14 ,14.6,14.5,14.2,17.2,15.8,,,,
12:34,15 ,14.6,14.5,14.2,17.2,15.8,,,,
12:35,14 ,14.4,14.5,14.2,17.2,15.8,,,,
12:36,15 ,14.4,14.5,14.2,17.2,15.8,,,,
12:37,14 ,14.4,14.5,14.2,17.2,15.8,,,,
12:38,16 ,14.4,14.5,14.2,17.2,15.8,,,,
12:39,13 ,14.4,14.5,14.2,17.2,15.8,,,,
12:40,13 ,13.6,16.8,14.2,17.2,15.8,,,,
12:41,13 ,13.6,16.8,14.2,17.2,15.8,,,,
12:42,13 ,13.6,16.8,14.2,17.2,15.8,,,,
12:43,12 ,13.6,16.8,14.2,17.2,15.8,,,,
12:44,17 ,13.6,16.8,14.2,17.2,15.8,,,,
12:45,21 ,20.0,16.8,20.3,17.2,15.8,,,,
12:46,19 ,20.0,16.8,20.3,17.2,15.8,,,,
12:47,20 ,20.0,16.8,20.3,17.2,15.8,,,,
12:48,19 ,20.0,16.8,20.3,17.2,15.8,,,,
12:49,21 ,20.0,16.8,20.3,17.2,15.8,,,,
12:50,20 ,20.2,20.4,20.3,17.2,15.8,,,,
12:51,20 ,20.2,20.4,20.3,17.2,15.8,,,,
12:52,20 ,20.2,20.4,20.3,17.2,15.8,,,,
12:53,20 ,20.2,20.4,20.3,17.2,15.8,,,,
12:54,21 ,20.2,20.4,20.3,17.2,15.8,,,,
12:55,20 ,20.6,20.4,20.3,17.2,15.8,,,,
12:56,20 ,20.6,20.4,20.3,17.2,15.8,,,,
12:57,21 ,20.6,20.4,20.3,17.2,15.8,,,,
12:58,21 ,20.6,20.4,20.3,17.2,15.8,,,,
12:59,21 ,20.6,20.4,20.3,17.2,15.8,,,,
13:00,21 ,21.2,21.2,20.1,18.8,18.4,,,,
13:01,21 ,21.2,21.2,20.1,18.8,18.4,,,,
13:02,21 ,21.2,21.2,20.1,18.8,18.4,,,,
13:03,21 ,21.2,21.2,20.1,18.8,18.4,,,,
13:04,22 ,21.2,21.2,20.1,18.8,18.4,,,,
13:05,21 ,21.2,21.2,20.1,18.8,18.4,,,,
13:06,21 ,21.2,21.2,20.1,18.8,18.4,,,,
13:07,21 ,21.2,21.2,20.1,18.8,18.4,,,,
13:08,22 ,21.2,21.2,20.1,18.8,18.4,,,,
13:09,22 ,21.2,21.2,20.1,18.8,18.4,,,,
13:10,22 ,18.0,17.4,20.1,18.8,18.4,,,,
13:11,22 ,18.0,17.4,20.1,18.8,18.4,,,,
13:12,15 ,18.0,17.4,20.1,18.8,18.4,,,,
13:13,15 ,18.0,17.4,20.1,18.8,18.4,,,,
13:14,16 ,18.0,17.4,20.1,18.8,18.4,,,,
13:15,17 ,16.8,17.4,17.4,18.8,18.4,,,,
13:16,16 ,16.8,17.4,17.4,18.8,18.4,,,,
13:17,17 ,16.8,17.4,17.4,18.8,18.4,,,,
13:18,21 ,16.8,17.4,17.4,18.8,18.4,,,,
13:19,13 ,16.8,17.4,17.4,18.8,18.4,,,,
13:20,17 ,16.8,17.7,17.4,18.8,18.4,,,,
13:21,16 ,16.8,17.7,17.4,18.8,18.4,,,,
13:22,17 ,16.8,17.7,17.4,18.8,18.4,,,,
13:23,17 ,16.8,17.7,17.4,18.8,18.4,,,,
13:24,17 ,16.8,17.7,17.4,18.8,18.4,,,,
13:25,19 ,18.6,17.7,17.4,18.8,18.4,,,,
13:26,18 ,18.6,17.7,17.4,18.8,18.4,,,,
13:27,19 ,18.6,17.7,17.4,18.8,18.4,,,,
13:28,19 ,18.6,17.7,17.4,18.8,18.4,,,,
13:29,18 ,18.6,17.7,17.4,18.8,18.4,,,,
13:30,19 ,18.6,18.6,19.0,18.0,18.4,,,,
13:31,18 ,18.6,18.6,19.0,18.0,18.4,,,,
13:32,19 ,18.6,18.6,19.0,18.0,18.4,,,,
13:33,18 ,18.6,18.6,19.0,18.0,18.4,,,,
13:34,19 ,18.6,18.6,19.0,18.0,18.4,,,,
13:35,19 ,18.6,18.6,19.0,18.0,18.4,,,,
13:36,19 ,18.6,18.6,19.0,18.0,18.4,,,,
13:37,18 ,18.6,18.6,19.0,18.0,18.4,,,,
13:38,19 ,18.6,18.6,19.0,18.0,18.4,,,,
13:39,18 ,18.6,18.6,19.0,18.0,18.4,,,,
13:40,16 ,19.8,19.0,19.0,18.0,18.4,,,,
13:41,17 ,19.8,19.0,19.0,18.0,18.4,,,,
13:42,23 ,19.8,19.0,19.0,18.0,18.4,,,,
13:43,23 ,19.8,19.0,19.0,18.0,18.4,,,,
13:44,20 ,19.8,19.0,19.0,18.0,18.4,,,,
13:45,20 ,18.2,19.0,16.9,18.0,18.4,,,,
13:46,21 ,18.2,19.0,16.9,18.0,18.4,,,,
13:47,17 ,18.2,19.0,16.9,18.0,18.4,,,,
13:48,17 ,18.2,19.0,16.9,18.0,18.4,,,,
13:49,16 ,18.2,19.0,16.9,18.0,18.4,,,,
13:50,17 ,18.4,16.3,16.9,18.0,18.4,,,,
13:51,16 ,18.4,16.3,16.9,18.0,18.4,,,,
13:52,17 ,18.4,16.3,16.9,18.0,18.4,,,,
13:53,16 ,18.4,16.3,16.9,18.0,18.4,,,,
13:54,26 ,18.4,16.3,16.9,18.0,18.4,,,,
13:55,7 ,14.2,16.3,16.9,18.0,18.4,,,,
13:56,16 ,14.2,16.3,16.9,18.0,18.4,,,,
13:57,16 ,14.2,16.3,16.9,18.0,18.4,,,,
13:58,16 ,14.2,16.3,16.9,18.0,18.4,,,,
13:59,16 ,14.2,16.3,16.9,18.0,18.4,,,,
14:00,15 ,15.8,16.2,16.4,16.5,19.2,,,,
14:01,16 ,15.8,16.2,16.4,16.5,19.2,,,,
14:02,17 ,15.8,16.2,16.4,16.5,19.2,,,,
14:03,15 ,15.8,16.2,16.4,16.5,19.2,,,,
14:04,16 ,15.8,16.2,16.4,16.5,19.2,,,,
14:05,16 ,16.6,16.2,16.4,16.5,19.2,,,,
14:06,17 ,16.6,16.2,16.4,16.5,19.2,,,,
14:07,17 ,16.6,16.2,16.4,16.5,19.2,,,,
14:08,16 ,16.6,16.2,16.4,16.5,19.2,,,,
14:09,17 ,16.6,16.2,16.4,16.5,19.2,,,,
14:10,16 ,16.8,16.7,16.4,16.5,19.2,,,,
14:11,17 ,16.8,16.7,16.4,16.5,19.2,,,,
14:12,17 ,16.8,16.7,16.4,16.5,19.2,,,,
14:13,17 ,16.8,16.7,16.4,16.5,19.2,,,,
14:14,17 ,16.8,16.7,16.4,16.5,19.2,,,,
14:15,17 ,16.6,16.7,16.5,16.5,19.2,,,,
14:16,16 ,16.6,16.7,16.5,16.5,19.2,,,,
14:17,17 ,16.6,16.7,16.5,16.5,19.2,,,,
14:18,16 ,16.6,16.7,16.5,16.5,19.2,,,,
14:19,17 ,16.6,16.7,16.5,16.5,19.2,,,,
14:20,16 ,16.4,16.5,16.5,16.5,19.2,,,,
14:21,17 ,16.4,16.5,16.5,16.5,19.2,,,,
14:22,16 ,16.4,16.5,16.5,16.5,19.2,,,,
14:23,16 ,16.4,16.5,16.5,16.5,19.2,,,,
14:24,17 ,16.4,16.5,16.5,16.5,19.2,,,,
14:25,16 ,16.6,16.5,16.5,16.5,19.2,,,,
14:26,17 ,16.6,16.5,16.5,16.5,19.2,,,,
14:27,16 ,16.6,16.5,16.5,16.5,19.2,,,,
14:28,16 ,16.6,16.5,16.5,16.5,19.2,,,,
14:29,18 ,16.6,16.5,16.5,16.5,19.2,,,,
14:30,24 ,22.8,22.6,22.5,22.0,19.2,,,,
14:31,23 ,22.8,22.6,22.5,22.0,19.2,,,,
14:32,23 ,22.8,22.6,22.5,22.0,19.2,,,,
14:33,22 ,22.8,22.6,22.5,22.0,19.2,,,,
14:34,22 ,22.8,22.6,22.5,22.0,19.2,,,,
14:35,22 ,22.4,22.6,22.5,22.0,19.2,,,,
14:36,23 ,22.4,22.6,22.5,22.0,19.2,,,,
14:37,22 ,22.4,22.6,22.5,22.0,19.2,,,,
14:38,23 ,22.4,22.6,22.5,22.0,19.2,,,,
14:39,22 ,22.4,22.6,22.5,22.0,19.2,,,,
14:40,22 ,22.2,22.2,22.5,22.0,19.2,,,,
14:41,22 ,22.2,22.2,22.5,22.0,19.2,,,,
14:42,23 ,22.2,22.2,22.5,22.0,19.2,,,,
14:43,22 ,22.2,22.2,22.5,22.0,19.2,,,,
14:44,22 ,22.2,22.2,22.5,22.0,19.2,,,,
14:45,22 ,22.2,22.2,21.5,22.0,19.2,,,,
14:46,23 ,22.2,22.2,21.5,22.0,19.2,,,,
14:47,22 ,22.2,22.2,21.5,22.0,19.2,,,,
14:48,22 ,22.2,22.2,21.5,22.0,19.2,,,,
14:49,22 ,22.2,22.2,21.5,22.0,19.2,,,,
14:50,21 ,21.0,21.2,21.5,22.0,19.2,,,,
14:51,21 ,21.0,21.2,21.5,22.0,19.2,,,,
14:52,21 ,21.0,21.2,21.5,22.0,19.2,,,,
14:53,21 ,21.0,21.2,21.5,22.0,19.2,,,,
14:54,21 ,21.0,21.2,21.5,22.0,19.2,,,,
14:55,22 ,21.4,21.2,21.5,22.0,19.2,,,,
14:56,21 ,21.4,21.2,21.5,22.0,19.2,,,,
14:57,21 ,21.4,21.2,21.5,22.0,19.2,,,,
14:58,22 ,21.4,21.2,21.5,22.0,19.2,,,,
14:59,21 ,21.4,21.2,21.5,22.0,19.2,,,,
15:00,21 ,20.8,20.2,19.9,17.8,20.4,,,,
15:01,21 ,20.8,20.2,19.9,17.8,20.4,,,,
15:02,21 ,20.8,20.2,19.9,17.8,20.4,,,,
15:03,20 ,20.8,20.2,19.9,17.8,20.4,,,,
15:04,21 ,20.8,20.2,19.9,17.8,20.4,,,,
15:05,19 ,19.6,20.2,19.9,17.8,20.4,,,,
15:06,20 ,19.6,20.2,19.9,17.8,20.4,,,,
15:07,19 ,19.6,20.2,19.9,17.8,20.4,,,,
15:08,20 ,19.6,20.2,19.9,17.8,20.4,,,,
15:09,20 ,19.6,20.2,19.9,17.8,20.4,,,,
15:10,19 ,19.4,19.5,19.9,17.8,20.4,,,,
15:11,20 ,19.4,19.5,19.9,17.8,20.4,,,,
15:12,24 ,19.4,19.5,19.9,17.8,20.4,,,,
15:13,15 ,19.4,19.5,19.9,17.8,20.4,,,,
15:14,19 ,19.4,19.5,19.9,17.8,20.4,,,,
15:15,20 ,19.6,19.5,15.7,17.8,20.4,,,,
15:16,20 ,19.6,19.5,15.7,17.8,20.4,,,,
15:17,19 ,19.6,19.5,15.7,17.8,20.4,,,,
15:18,20 ,19.6,19.5,15.7,17.8,20.4,,,,
15:19,19 ,19.6,19.5,15.7,17.8,20.4,,,,
15:20,14 ,13.6,13.7,15.7,17.8,20.4,,,,
15:21,13 ,13.6,13.7,15.7,17.8,20.4,,,,
15:22,14 ,13.6,13.7,15.7,17.8,20.4,,,,
15:23,14 ,13.6,13.7,15.7,17.8,20.4,,,,
15:24,13 ,13.6,13.7,15.7,17.8,20.4,,,,
15:25,14 ,13.8,13.7,15.7,17.8,20.4,,,,
15:26,14 ,13.8,13.7,15.7,17.8,20.4,,,,
15:27,13 ,13.8,13.7,15.7,17.8,20.4,,,,
15:28,14 ,13.8,13.7,15.7,17.8,20.4,,,,
15:29,14 ,13.8,13.7,15.7,17.8,20.4,,,,
15:30,17 ,13.6,13.6,13.6,23.0,20.4,,,,
15:31,10 ,13.6,13.6,13.6,23.0,20.4,,,,
15:32,14 ,13.6,13.6,13.6,23.0,20.4,,,,
15:33,13 ,13.6,13.6,13.6,23.0,20.4,,,,
15:34,14 ,13.6,13.6,13.6,23.0,20.4,,,,
15:35,14 ,13.6,13.6,13.6,23.0,20.4,,,,
15:36,13 ,13.6,13.6,13.6,23.0,20.4,,,,
15:37,14 ,13.6,13.6,13.6,23.0,20.4,,,,
15:38,13 ,13.6,13.6,13.6,23.0,20.4,,,,
15:39,14 ,13.6,13.6,13.6,23.0,20.4,,,,
15:40,14 ,13.6,20.4,13.6,23.0,20.4,,,,
15:41,13 ,13.6,20.4,13.6,23.0,20.4,,,,
15:42,14 ,13.6,20.4,13.6,23.0,20.4,,,,
15:43,14 ,13.6,20.4,13.6,23.0,20.4,,,,
15:44,13 ,13.6,20.4,13.6,23.0,20.4,,,,
15:45,14 ,27.2,20.4,32.4,23.0,20.4,,,,
15:46,14 ,27.2,20.4,32.4,23.0,20.4,,,,
15:47,20 ,27.2,20.4,32.4,23.0,20.4,,,,
15:48,19 ,27.2,20.4,32.4,23.0,20.4,,,,
15:49,69 ,27.2,20.4,32.4,23.0,20.4,,,,
15:50,84 ,38.0,35.0,32.4,23.0,20.4,,,,
15:51,59 ,38.0,35.0,32.4,23.0,20.4,,,,
15:52,13 ,38.0,35.0,32.4,23.0,20.4,,,,
15:53,13 ,38.0,35.0,32.4,23.0,20.4,,,,
15:54,21 ,38.0,35.0,32.4,23.0,20.4,,,,
15:55,32 ,32.0,35.0,32.4,23.0,20.4,,,,
15:56,25 ,32.0,35.0,32.4,23.0,20.4,,,,
15:57,21 ,32.0,35.0,32.4,23.0,20.4,,,,
15:58,23 ,32.0,35.0,32.4,23.0,20.4,,,,
15:59,59 ,32.0,35.0,32.4,23.0,20.4,,,,
16:00,53 ,36.6,35.2,34.3,36.8,30.7,,,,
16:01,45 ,36.6,35.2,34.3,36.8,30.7,,,,
16:02,57 ,36.6,35.2,34.3,36.8,30.7,,,,
16:03,13 ,36.6,35.2,34.3,36.8,30.7,,,,
16:04,15 ,36.6,35.2,34.3,36.8,30.7,,,,
16:05,36 ,33.8,35.2,34.3,36.8,30.7,,,,
16:06,38 ,33.8,35.2,34.3,36.8,30.7,,,,
16:07,34 ,33.8,35.2,34.3,36.8,30.7,,,,
16:08,30 ,33.8,35.2,34.3,36.8,30.7,,,,
16:09,31 ,33.8,35.2,34.3,36.8,30.7,,,,
16:10,31 ,32.4,31.6,34.3,36.8,30.7,,,,
16:11,32 ,32.4,31.6,34.3,36.8,30.7,,,,
16:12,32 ,32.4,31.6,34.3,36.8,30.7,,,,
16:13,33 ,32.4,31.6,34.3,36.8,30.7,,,,
16:14,34 ,32.4,31.6,34.3,36.8,30.7,,,,
16:15,32 ,30.8,31.6,39.3,36.8,30.7,,,,
16:16,32 ,30.8,31.6,39.3,36.8,30.7,,,,
16:17,28 ,30.8,31.6,39.3,36.8,30.7,,,,
16:18,25 ,30.8,31.6,39.3,36.8,30.7,,,,
16:19,37 ,30.8,31.6,39.3,36.8,30.7,,,,
16:20,69 ,50.0,43.5,39.3,36.8,30.7,,,,
16:21,51 ,50.0,43.5,39.3,36.8,30.7,,,,
16:22,44 ,50.0,43.5,39.3,36.8,30.7,,,,
16:23,31 ,50.0,43.5,39.3,36.8,30.7,,,,
16:24,55 ,50.0,43.5,39.3,36.8,30.7,,,,
16:25,12 ,37.0,43.5,39.3,36.8,30.7,,,,
16:26,45 ,37.0,43.5,39.3,36.8,30.7,,,,
16:27,46 ,37.0,43.5,39.3,36.8,30.7,,,,
16:28,43 ,37.0,43.5,39.3,36.8,30.7,,,,
16:29,39 ,37.0,43.5,39.3,36.8,30.7,,,,
16:30,34 ,28.0,30.0,31.1,24.6,30.7,,,,
16:31,27 ,28.0,30.0,31.1,24.6,30.7,,,,
16:32,26 ,28.0,30.0,31.1,24.6,30.7,,,,
16:33,27 ,28.0,30.0,31.1,24.6,30.7,,,,
16:34,26 ,28.0,30.0,31.1,24.6,30.7,,,,
16:35,25 ,32.0,30.0,31.1,24.6,30.7,,,,
16:36,26 ,32.0,30.0,31.1,24.6,30.7,,,,
16:37,26 ,32.0,30.0,31.1,24.6,30.7,,,,
16:38,43 ,32.0,30.0,31.1,24.6,30.7,,,,
16:39,40 ,32.0,30.0,31.1,24.6,30.7,,,,
16:40,41 ,33.2,27.7,31.1,24.6,30.7,,,,
16:41,36 ,33.2,27.7,31.1,24.6,30.7,,,,
16:42,39 ,33.2,27.7,31.1,24.6,30.7,,,,
16:43,28 ,33.2,27.7,31.1,24.6,30.7,,,,
16:44,22 ,33.2,27.7,31.1,24.6,30.7,,,,
16:45,23 ,22.2,27.7,18.1,24.6,30.7,,,,
16:46,22 ,22.2,27.7,18.1,24.6,30.7,,,,
16:47,22 ,22.2,27.7,18.1,24.6,30.7,,,,
16:48,22 ,22.2,27.7,18.1,24.6,30.7,,,,
16:49,22 ,22.2,27.7,18.1,24.6,30.7,,,,
16:50,22 ,17.0,16.1,18.1,24.6,30.7,,,,
16:51,16 ,17.0,16.1,18.1,24.6,30.7,,,,
16:52,16 ,17.0,16.1,18.1,24.6,30.7,,,,
16:53,16 ,17.0,16.1,18.1,24.6,30.7,,,,
16:54,15 ,17.0,16.1,18.1,24.6,30.7,,,,
16:55,15 ,15.2,16.1,18.1,24.6,30.7,,,,
16:56,15 ,15.2,16.1,18.1,24.6,30.7,,,,
16:57,16 ,15.2,16.1,18.1,24.6,30.7,,,,
16:58,15 ,15.2,16.1,18.1,24.6,30.7,,,,
16:59,15 ,15.2,16.1,18.1,24.6,30.7,,,,
17:00,15 ,19.2,22.0,20.3,17.3,15.9,,,,
17:01,15 ,19.2,22.0,20.3,17.3,15.9,,,,
17:02,14 ,19.2,22.0,20.3,17.3,15.9,,,,
17:03,14 ,19.2,22.0,20.3,17.3,15.9,,,,
17:04,38 ,19.2,22.0,20.3,17.3,15.9,,,,
17:05,48 ,24.8,22.0,20.3,17.3,15.9,,,,
17:06,24 ,24.8,22.0,20.3,17.3,15.9,,,,
17:07,18 ,24.8,22.0,20.3,17.3,15.9,,,,
17:08,17 ,24.8,22.0,20.3,17.3,15.9,,,,
17:09,17 ,24.8,22.0,20.3,17.3,15.9,,,,
17:10,16 ,16.8,15.6,20.3,17.3,15.9,,,,
17:11,16 ,16.8,15.6,20.3,17.3,15.9,,,,
17:12,16 ,16.8,15.6,20.3,17.3,15.9,,,,
17:13,16 ,16.8,15.6,20.3,17.3,15.9,,,,
17:14,20 ,16.8,15.6,20.3,17.3,15.9,,,,
17:15,11 ,14.4,15.6,14.3,17.3,15.9,,,,
17:16,16 ,14.4,15.6,14.3,17.3,15.9,,,,
17:17,15 ,14.4,15.6,14.3,17.3,15.9,,,,
17:18,15 ,14.4,15.6,14.3,17.3,15.9,,,,
17:19,15 ,14.4,15.6,14.3,17.3,15.9,,,,
17:20,15 ,14.4,14.2,14.3,17.3,15.9,,,,
17:21,15 ,14.4,14.2,14.3,17.3,15.9,,,,
17:22,14 ,14.4,14.2,14.3,17.3,15.9,,,,
17:23,14 ,14.4,14.2,14.3,17.3,15.9,,,,
17:24,14 ,14.4,14.2,14.3,17.3,15.9,,,,
17:25,14 ,14.0,14.2,14.3,17.3,15.9,,,,
17:26,14 ,14.0,14.2,14.3,17.3,15.9,,,,
17:27,14 ,14.0,14.2,14.3,17.3,15.9,,,,
17:28,14 ,14.0,14.2,14.3,17.3,15.9,,,,
17:29,14 ,14.0,14.2,14.3,17.3,15.9,,,,
17:30,14 ,14.0,14.1,14.1,14.5,15.9,,,,
17:31,14 ,14.0,14.1,14.1,14.5,15.9,,,,
17:32,16 ,14.0,14.1,14.1,14.5,15.9,,,,
17:33,12 ,14.0,14.1,14.1,14.5,15.9,,,,
17:34,14 ,14.0,14.1,14.1,14.5,15.9,,,,
17:35,14 ,14.2,14.1,14.1,14.5,15.9,,,,
17:36,15 ,14.2,14.1,14.1,14.5,15.9,,,,
17:37,14 ,14.2,14.1,14.1,14.5,15.9,,,,
17:38,14 ,14.2,14.1,14.1,14.5,15.9,,,,
17:39,14 ,14.2,14.1,14.1,14.5,15.9,,,,
17:40,14 ,14.2,14.9,14.1,14.5,15.9,,,,
17:41,13 ,14.2,14.9,14.1,14.5,15.9,,,,
17:42,14 ,14.2,14.9,14.1,14.5,15.9,,,,
17:43,15 ,14.2,14.9,14.1,14.5,15.9,,,,
17:44,15 ,14.2,14.9,14.1,14.5,15.9,,,,
17:45,15 ,15.6,14.9,14.9,14.5,15.9,,,,
17:46,16 ,15.6,14.9,14.9,14.5,15.9,,,,
17:47,16 ,15.6,14.9,14.9,14.5,15.9,,,,
17:48,15 ,15.6,14.9,14.9,14.5,15.9,,,,
17:49,16 ,15.6,14.9,14.9,14.5,15.9,,,,
17:50,16 ,15.2,14.6,14.9,14.5,15.9,,,,
17:51,16 ,15.2,14.6,14.9,14.5,15.9,,,,
17:52,16 ,15.2,14.6,14.9,14.5,15.9,,,,
17:53,14 ,15.2,14.6,14.9,14.5,15.9,,,,
17:54,14 ,15.2,14.6,14.9,14.5,15.9,,,,
17:55,15 ,14.0,14.6,14.9,14.5,15.9,,,,
17:56,14 ,14.0,14.6,14.9,14.5,15.9,,,,
17:57,13 ,14.0,14.6,14.9,14.5,15.9,,,,
17:58,14 ,14.0,14.6,14.9,14.5,15.9,,,,
17:59,14 ,14.0,14.6,14.9,14.5,15.9,,,,
18:00,14 ,13.8,14.3,14.3,14.4,11.8,,,,
18:01,14 ,13.8,14.3,14.3,14.4,11.8,,,,
18:02,14 ,13.8,14.3,14.3,14.4,11.8,,,,
18:03,13 ,13.8,14.3,14.3,14.4,11.8,,,,
18:04,14 ,13.8,14.3,14.3,14.4,11.8,,,,
18:05,15 ,14.8,14.3,14.3,14.4,11.8,,,,
18:06,14 ,14.8,14.3,14.3,14.4,11.8,,,,
18:07,15 ,14.8,14.3,14.3,14.4,11.8,,,,
18:08,15 ,14.8,14.3,14.3,14.4,11.8,,,,
18:09,15 ,14.8,14.3,14.3,14.4,11.8,,,,
18:10,14 ,14.4,14.5,14.3,14.4,11.8,,,,
18:11,15 ,14.4,14.5,14.3,14.4,11.8,,,,
18:12,14 ,14.4,14.5,14.3,14.4,11.8,,,,
18:13,14 ,14.4,14.5,14.3,14.4,11.8,,,,
18:14,15 ,14.4,14.5,14.3,14.4,11.8,,,,
18:15,15 ,14.6,14.5,14.5,14.4,11.8,,,,
18:16,14 ,14.6,14.5,14.5,14.4,11.8,,,,
18:17,15 ,14.6,14.5,14.5,14.4,11.8,,,,
18:18,15 ,14.6,14.5,14.5,14.4,11.8,,,,
18:19,14 ,14.6,14.5,14.5,14.4,11.8,,,,
18:20,15 ,14.6,14.4,14.5,14.4,11.8,,,,
18:21,14 ,14.6,14.4,14.5,14.4,11.8,,,,
18:22,16 ,14.6,14.4,14.5,14.4,11.8,,,,
18:23,13 ,14.6,14.4,14.5,14.4,11.8,,,,
18:24,15 ,14.6,14.4,14.5,14.4,11.8,,,,
18:25,14 ,14.2,14.4,14.5,14.4,11.8,,,,
18:26,15 ,14.2,14.4,14.5,14.4,11.8,,,,
18:27,14 ,14.2,14.4,14.5,14.4,11.8,,,,
18:28,14 ,14.2,14.4,14.5,14.4,11.8,,,,
18:29,14 ,14.2,14.4,14.5,14.4,11.8,,,,
18:30,13 ,12.2,11.1,10.1,9.2,11.8,,,,
18:31,13 ,12.2,11.1,10.1,9.2,11.8,,,,
18:32,12 ,12.2,11.1,10.1,9.2,11.8,,,,
18:33,12 ,12.2,11.1,10.1,9.2,11.8,,,,
18:34,11 ,12.2,11.1,10.1,9.2,11.8,,,,
18:35,11 ,10.0,11.1,10.1,9.2,11.8,,,,
18:36,10 ,10.0,11.1,10.1,9.2,11.8,,,,
18:37,10 ,10.0,11.1,10.1,9.2,11.8,,,,
18:38,10 ,10.0,11.1,10.1,9.2,11.8,,,,
18:39,9 ,10.0,11.1,10.1,9.2,11.8,,,,
18:40,9 ,8.2,8.5,10.1,9.2,11.8,,,,
18:41,8 ,8.2,8.5,10.1,9.2,11.8,,,,
18:42,8 ,8.2,8.5,10.1,9.2,11.8,,,,
18:43,8 ,8.2,8.5,10.1,9.2,11.8,,,,
18:44,8 ,8.2,8.5,10.1,9.2,11.8,,,,
18:45,9 ,8.8,8.5,8.2,9.2,11.8,,,,
18:46,9 ,8.8,8.5,8.2,9.2,11.8,,,,
18:47,8 ,8.8,8.5,8.2,9.2,11.8,,,,
18:48,9 ,8.8,8.5,8.2,9.2,11.8,,,,
18:49,9 ,8.8,8.5,8.2,9.2,11.8,,,,
18:50,9 ,8.4,7.9,8.2,9.2,11.8,,,,
18:51,8 ,8.4,7.9,8.2,9.2,11.8,,,,
18:52,9 ,8.4,7.9,8.2,9.2,11.8,,,,
18:53,8 ,8.4,7.9,8.2,9.2,11.8,,,,
18:54,8 ,8.4,7.9,8.2,9.2,11.8,,,,
18:55,7 ,7.4,7.9,8.2,9.2,11.8,,,,
18:56,8 ,7.4,7.9,8.2,9.2,11.8,,,,
18:57,7 ,7.4,7.9,8.2,9.2,11.8,,,,
18:58,8 ,7.4,7.9,8.2,9.2,11.8,,,,
18:59,7 ,7.4,7.9,8.2,9.2,11.8,,,,
19:00,8 ,7.6,8.2,8.3,8.7,8.7,,,,
19:01,7 ,7.6,8.2,8.3,8.7,8.7,,,,
19:02,8 ,7.6,8.2,8.3,8.7,8.7,,,,
19:03,8 ,7.6,8.2,8.3,8.7,8.7,,,,
19:04,7 ,7.6,8.2,8.3,8.7,8.7,,,,
19:05,8 ,8.8,8.2,8.3,8.7,8.7,,,,
19:06,9 ,8.8,8.2,8.3,8.7,8.7,,,,
19:07,8 ,8.8,8.2,8.3,8.7,8.7,,,,
19:08,9 ,8.8,8.2,8.3,8.7,8.7,,,,
19:09,10 ,8.8,8.2,8.3,8.7,8.7,,,,
19:10,7 ,8.4,9.0,8.3,8.7,8.7,,,,
19:11,9 ,8.4,9.0,8.3,8.7,8.7,,,,
19:12,9 ,8.4,9.0,8.3,8.7,8.7,,,,
19:13,9 ,8.4,9.0,8.3,8.7,8.7,,,,
19:14,8 ,8.4,9.0,8.3,8.7,8.7,,,,
19:15,9 ,9.6,9.0,9.2,8.7,8.7,,,,
19:16,9 ,9.6,9.0,9.2,8.7,8.7,,,,
19:17,9 ,9.6,9.0,9.2,8.7,8.7,,,,
19:18,10 ,9.6,9.0,9.2,8.7,8.7,,,,
19:19,11 ,9.6,9.0,9.2,8.7,8.7,,,,
19:20,9 ,9.2,9.0,9.2,8.7,8.7,,,,
19:21,9 ,9.2,9.0,9.2,8.7,8.7,,,,
19:22,9 ,9.2,9.0,9.2,8.7,8.7,,,,
19:23,10 ,9.2,9.0,9.2,8.7,8.7,,,,
19:24,9 ,9.2,9.0,9.2,8.7,8.7,,,,
19:25,10 ,8.8,9.0,9.2,8.7,8.7,,,,
19:26,7 ,8.8,9.0,9.2,8.7,8.7,,,,
19:27,9 ,8.8,9.0,9.2,8.7,8.7,,,,
19:28,9 ,8.8,9.0,9.2,8.7,8.7,,,,
19:29,9 ,8.8,9.0,9.2,8.7,8.7,,,,
19:30,9 ,9.0,8.9,8.9,8.7,8.7,,,,
19:31,9 ,9.0,8.9,8.9,8.7,8.7,,,,
19:32,9 ,9.0,8.9,8.9,8.7,8.7,,,,
19:33,9 ,9.0,8.9,8.9,8.7,8.7,,,,
19:34,9 ,9.0,8.9,8.9,8.7,8.7,,,,
19:35,9 ,8.8,8.9,8.9,8.7,8.7,,,,
19:36,8 ,8.8,8.9,8.9,8.7,8.7,,,,
19:37,9 ,8.8,8.9,8.9,8.7,8.7,,,,
19:38,9 ,8.8,8.9,8.9,8.7,8.7,,,,
19:39,9 ,8.8,8.9,8.9,8.7,8.7,,,,
19:40,9 ,8.8,8.8,8.9,8.7,8.7,,,,
19:41,9 ,8.8,8.8,8.9,8.7,8.7,,,,
19:42,8 ,8.8,8.8,8.9,8.7,8.7,,,,
19:43,9 ,8.8,8.8,8.9,8.7,8.7,,,,
19:44,9 ,8.8,8.8,8.9,8.7,8.7,,,,
19:45,9 ,8.8,8.8,8.6,8.7,8.7,,,,
19:46,8 ,8.8,8.8,8.6,8.7,8.7,,,,
19:47,9 ,8.8,8.8,8.6,8.7,8.7,,,,
19:48,9 ,8.8,8.8,8.6,8.7,8.7,,,,
19:49,9 ,8.8,8.8,8.6,8.7,8.7,,,,
19:50,9 ,8.6,8.5,8.6,8.7,8.7,,,,
19:51,9 ,8.6,8.5,8.6,8.7,8.7,,,,
19:52,8 ,8.6,8.5,8.6,8.7,8.7,,,,
19:53,9 ,8.6,8.5,8.6,8.7,8.7,,,,
19:54,8 ,8.6,8.5,8.6,8.7,8.7,,,,
19:55,8 ,8.4,8.5,8.6,8.7,8.7,,,,
19:56,8 ,8.4,8.5,8.6,8.7,8.7,,,,
19:57,9 ,8.4,8.5,8.6,8.7,8.7,,,,
19:58,8 ,8.4,8.5,8.6,8.7,8.7,,,,
19:59,9 ,8.4,8.5,8.6,8.7,8.7,,,,
20:00,8 ,7.6,7.6,8.5,11.0,13.8,,,,
20:01,7 ,7.6,7.6,8.5,11.0,13.8,,,,
20:02,8 ,7.6,7.6,8.5,11.0,13.8,,,,
20:03,7 ,7.6,7.6,8.5,11.0,13.8,,,,
20:04,8 ,7.6,7.6,8.5,11.0,13.8,,,,
20:05,8 ,7.6,7.6,8.5,11.0,13.8,,,,
20:06,7 ,7.6,7.6,8.5,11.0,13.8,,,,
20:07,8 ,7.6,7.6,8.5,11.0,13.8,,,,
20:08,7 ,7.6,7.6,8.5,11.0,13.8,,,,
20:09,8 ,7.6,7.6,8.5,11.0,13.8,,,,
20:10,10 ,10.2,11.5,8.5,11.0,13.8,,,,
20:11,10 ,10.2,11.5,8.5,11.0,13.8,,,,
20:12,10 ,10.2,11.5,8.5,11.0,13.8,,,,
20:13,10 ,10.2,11.5,8.5,11.0,13.8,,,,
20:14,11 ,10.2,11.5,8.5,11.0,13.8,,,,
20:15,12 ,12.8,11.5,13.5,11.0,13.8,,,,
20:16,12 ,12.8,11.5,13.5,11.0,13.8,,,,
20:17,13 ,12.8,11.5,13.5,11.0,13.8,,,,
20:18,12 ,12.8,11.5,13.5,11.0,13.8,,,,
20:19,15 ,12.8,11.5,13.5,11.0,13.8,,,,
20:20,14 ,13.0,13.8,13.5,11.0,13.8,,,,
20:21,12 ,13.0,13.8,13.5,11.0,13.8,,,,
20:22,13 ,13.0,13.8,13.5,11.0,13.8,,,,
20:23,13 ,13.0,13.8,13.5,11.0,13.8,,,,
20:24,13 ,13.0,13.8,13.5,11.0,13.8,,,,
20:25,20 ,14.6,13.8,13.5,11.0,13.8,,,,
20:26,8 ,14.6,13.8,13.5,11.0,13.8,,,,
20:27,15 ,14.6,13.8,13.5,11.0,13.8,,,,
20:28,15 ,14.6,13.8,13.5,11.0,13.8,,,,
20:29,15 ,14.6,13.8,13.5,11.0,13.8,,,,
20:30,15 ,15.6,15.8,15.6,16.5,13.8,,,,
20:31,15 ,15.6,15.8,15.6,16.5,13.8,,,,
20:32,16 ,15.6,15.8,15.6,16.5,13.8,,,,
20:33,16 ,15.6,15.8,15.6,16.5,13.8,,,,
20:34,16 ,15.6,15.8,15.6,16.5,13.8,,,,
20:35,16 ,16.0,15.8,15.6,16.5,13.8,,,,
20:36,16 ,16.0,15.8,15.6,16.5,13.8,,,,
20:37,16 ,16.0,15.8,15.6,16.5,13.8,,,,
20:38,16 ,16.0,15.8,15.6,16.5,13.8,,,,
20:39,16 ,16.0,15.8,15.6,16.5,13.8,,,,
20:40,16 ,15.2,15.2,15.6,16.5,13.8,,,,
20:41,15 ,15.2,15.2,15.6,16.5,13.8,,,,
20:42,15 ,15.2,15.2,15.6,16.5,13.8,,,,
20:43,14 ,15.2,15.2,15.6,16.5,13.8,,,,
20:44,16 ,15.2,15.2,15.6,16.5,13.8,,,,
20:45,14 ,15.2,15.2,17.5,16.5,13.8,,,,
20:46,16 ,15.2,15.2,17.5,16.5,13.8,,,,
20:47,15 ,15.2,15.2,17.5,16.5,13.8,,,,
20:48,16 ,15.2,15.2,17.5,16.5,13.8,,,,
20:49,15 ,15.2,15.2,17.5,16.5,13.8,,,,
20:50,16 ,15.6,18.6,17.5,16.5,13.8,,,,
20:51,15 ,15.6,18.6,17.5,16.5,13.8,,,,
20:52,16 ,15.6,18.6,17.5,16.5,13.8,,,,
20:53,15 ,15.6,18.6,17.5,16.5,13.8,,,,
20:54,16 ,15.6,18.6,17.5,16.5,13.8,,,,
20:55,15 ,21.6,18.6,17.5,16.5,13.8,,,,
20:56,20 ,21.6,18.6,17.5,16.5,13.8,,,,
20:57,24 ,21.6,18.6,17.5,16.5,13.8,,,,
20:58,23 ,21.6,18.6,17.5,16.5,13.8,,,,
20:59,26 ,21.6,18.6,17.5,16.5,13.8,,,,
21:00,35 ,35.8,32.7,31.4,27.5,20.7,,,,
21:01,37 ,35.8,32.7,31.4,27.5,20.7,,,,
21:02,38 ,35.8,32.7,31.4,27.5,20.7,,,,
21:03,39 ,35.8,32.7,31.4,27.5,20.7,,,,
21:04,30 ,35.8,32.7,31.4,27.5,20.7,,,,
21:05,27 ,29.6,32.7,31.4,27.5,20.7,,,,
21:06,32 ,29.6,32.7,31.4,27.5,20.7,,,,
21:07,29 ,29.6,32.7,31.4,27.5,20.7,,,,
21:08,31 ,29.6,32.7,31.4,27.5,20.7,,,,
21:09,29 ,29.6,32.7,31.4,27.5,20.7,,,,
21:10,29 ,28.8,28.1,31.4,27.5,20.7,,,,
21:11,29 ,28.8,28.1,31.4,27.5,20.7,,,,
21:12,28 ,28.8,28.1,31.4,27.5,20.7,,,,
21:13,29 ,28.8,28.1,31.4,27.5,20.7,,,,
21:14,29 ,28.8,28.1,31.4,27.5,20.7,,,,
21:15,27 ,27.4,28.1,23.7,27.5,20.7,,,,
21:16,27 ,27.4,28.1,23.7,27.5,20.7,,,,
21:17,28 ,27.4,28.1,23.7,27.5,20.7,,,,
21:18,28 ,27.4,28.1,23.7,27.5,20.7,,,,
21:19,27 ,27.4,28.1,23.7,27.5,20.7,,,,
21:20,27 ,24.4,21.8,23.7,27.5,20.7,,,,
21:21,26 ,24.4,21.8,23.7,27.5,20.7,,,,
21:22,27 ,24.4,21.8,23.7,27.5,20.7,,,,
21:23,23 ,24.4,21.8,23.7,27.5,20.7,,,,
21:24,19 ,24.4,21.8,23.7,27.5,20.7,,,,
21:25,24 ,19.2,21.8,23.7,27.5,20.7,,,,
21:26,21 ,19.2,21.8,23.7,27.5,20.7,,,,
21:27,15 ,19.2,21.8,23.7,27.5,20.7,,,,
21:28,17 ,19.2,21.8,23.7,27.5,20.7,,,,
21:29,19 ,19.2,21.8,23.7,27.5,20.7,,,,
21:30,15 ,15.4,15.0,14.5,14.0,20.7,,,,
21:31,15 ,15.4,15.0,14.5,14.0,20.7,,,,
21:32,15 ,15.4,15.0,14.5,14.0,20.7,,,,
21:33,16 ,15.4,15.0,14.5,14.0,20.7,,,,
21:34,16 ,15.4,15.0,14.5,14.0,20.7,,,,
21:35,15 ,14.6,15.0,14.5,14.0,20.7,,,,
21:36,15 ,14.6,15.0,14.5,14.0,20.7,,,,
21:37,16 ,14.6,15.0,14.5,14.0,20.7,,,,
21:38,14 ,14.6,15.0,14.5,14.0,20.7,,,,
21:39,13 ,14.6,15.0,14.5,14.0,20.7,,,,
21:40,13 ,13.4,13.7,14.5,14.0,20.7,,,,
21:41,13 ,13.4,13.7,14.5,14.0,20.7,,,,
21:42,13 ,13.4,13.7,14.5,14.0,20.7,,,,
21:43,14 ,13.4,13.7,14.5,14.0,20.7,,,,
21:44,14 ,13.4,13.7,14.5,14.0,20.7,,,,
21:45,14 ,14.0,13.7,13.5,14.0,20.7,,,,
21:46,15 ,14.0,13.7,13.5,14.0,20.7,,,,
21:47,13 ,14.0,13.7,13.5,14.0,20.7,,,,
21:48,14 ,14.0,13.7,13.5,14.0,20.7,,,,
21:49,14 ,14.0,13.7,13.5,14.0,20.7,,,,
21:50,14 ,14.0,13.2,13.5,14.0,20.7,,,,
21:51,14 ,14.0,13.2,13.5,14.0,20.7,,,,
21:52,14 ,14.0,13.2,13.5,14.0,20.7,,,,
21:53,14 ,14.0,13.2,13.5,14.0,20.7,,,,
21:54,14 ,14.0,13.2,13.5,14.0,20.7,,,,
21:55,13 ,12.4,13.2,13.5,14.0,20.7,,,,
21:56,13 ,12.4,13.2,13.5,14.0,20.7,,,,
21:57,12 ,12.4,13.2,13.5,14.0,20.7,,,,
21:58,12 ,12.4,13.2,13.5,14.0,20.7,,,,
21:59,12 ,12.4,13.2,13.5,14.0,20.7,,,,
22:00,12 ,12.2,12.0,11.9,12.0,9.7,,,,
22:01,12 ,12.2,12.0,11.9,12.0,9.7,,,,
22:02,13 ,12.2,12.0,11.9,12.0,9.7,,,,
22:03,12 ,12.2,12.0,11.9,12.0,9.7,,,,
22:04,12 ,12.2,12.0,11.9,12.0,9.7,,,,
22:05,12 ,11.8,12.0,11.9,12.0,9.7,,,,
22:06,12 ,11.8,12.0,11.9,12.0,9.7,,,,
22:07,11 ,11.8,12.0,11.9,12.0,9.7,,,,
22:08,12 ,11.8,12.0,11.9,12.0,9.7,,,,
22:09,12 ,11.8,12.0,11.9,12.0,9.7,,,,
22:10,12 ,11.8,11.8,11.9,12.0,9.7,,,,
22:11,11 ,11.8,11.8,11.9,12.0,9.7,,,,
22:12,12 ,11.8,11.8,11.9,12.0,9.7,,,,
22:13,12 ,11.8,11.8,11.9,12.0,9.7,,,,
22:14,12 ,11.8,11.8,11.9,12.0,9.7,,,,
22:15,11 ,11.8,11.8,12.1,12.0,9.7,,,,
22:16,12 ,11.8,11.8,12.1,12.0,9.7,,,,
22:17,12 ,11.8,11.8,12.1,12.0,9.7,,,,
22:18,11 ,11.8,11.8,12.1,12.0,9.7,,,,
22:19,13 ,11.8,11.8,12.1,12.0,9.7,,,,
22:20,12 ,12.4,12.2,12.1,12.0,9.7,,,,
22:21,12 ,12.4,12.2,12.1,12.0,9.7,,,,
22:22,13 ,12.4,12.2,12.1,12.0,9.7,,,,
22:23,12 ,12.4,12.2,12.1,12.0,9.7,,,,
22:24,13 ,12.4,12.2,12.1,12.0,9.7,,,,
22:25,13 ,12.0,12.2,12.1,12.0,9.7,,,,
22:26,12 ,12.0,12.2,12.1,12.0,9.7,,,,
22:27,12 ,12.0,12.2,12.1,12.0,9.7,,,,
22:28,12 ,12.0,12.2,12.1,12.0,9.7,,,,
22:29,11 ,12.0,12.2,12.1,12.0,9.7,,,,
22:30,11 ,10.0,9.1,8.3,7.3,9.7,,,,
22:31,10 ,10.0,9.1,8.3,7.3,9.7,,,,
22:32,10 ,10.0,9.1,8.3,7.3,9.7,,,,
22:33,10 ,10.0,9.1,8.3,7.3,9.7,,,,
22:34,9 ,10.0,9.1,8.3,7.3,9.7,,,,
22:35,8 ,8.2,9.1,8.3,7.3,9.7,,,,
22:36,9 ,8.2,9.1,8.3,7.3,9.7,,,,
22:37,8 ,8.2,9.1,8.3,7.3,9.7,,,,
22:38,8 ,8.2,9.1,8.3,7.3,9.7,,,,
22:39,8 ,8.2,9.1,8.3,7.3,9.7,,,,
22:40,7 ,6.6,6.5,8.3,7.3,9.7,,,,
22:41,6 ,6.6,6.5,8.3,7.3,9.7,,,,
22:42,7 ,6.6,6.5,8.3,7.3,9.7,,,,
22:43,6 ,6.6,6.5,8.3,7.3,9.7,,,,
22:44,7 ,6.6,6.5,8.3,7.3,9.7,,,,
22:45,6 ,6.4,6.5,6.4,7.3,9.7,,,,
22:46,7 ,6.4,6.5,6.4,7.3,9.7,,,,
22:47,6 ,6.4,6.5,6.4,7.3,9.7,,,,
22:48,6 ,6.4,6.5,6.4,7.3,9.7,,,,
22:49,7 ,6.4,6.5,6.4,7.3,9.7,,,,
22:50,10 ,7.2,6.4,6.4,7.3,9.7,,,,
22:51,3 ,7.2,6.4,6.4,7.3,9.7,,,,
22:52,6 ,7.2,6.4,6.4,7.3,9.7,,,,
22:53,6 ,7.2,6.4,6.4,7.3,9.7,,,,
22:54,11 ,7.2,6.4,6.4,7.3,9.7,,,,
22:55,2 ,5.6,6.4,6.4,7.3,9.7,,,,
22:56,6 ,5.6,6.4,6.4,7.3,9.7,,,,
22:57,7 ,5.6,6.4,6.4,7.3,9.7,,,,
22:58,6 ,5.6,6.4,6.4,7.3,9.7,,,,
22:59,7 ,5.6,6.4,6.4,7.3,9.7,,,,
23:00,7 ,6.2,6.1,6.4,7.3,7.7,,,,
23:01,7 ,6.2,6.1,6.4,7.3,7.7,,,,
23:02,7 ,6.2,6.1,6.4,7.3,7.7,,,,
23:03,7 ,6.2,6.1,6.4,7.3,7.7,,,,
23:04,5 ,6.2,6.1,6.4,7.3,7.7,,,,
23:05,6 ,6.0,6.1,6.4,7.3,7.7,,,,
23:06,6 ,6.0,6.1,6.4,7.3,7.7,,,,
23:07,5 ,6.0,6.1,6.4,7.3,7.7,,,,
23:08,7 ,6.0,6.1,6.4,7.3,7.7,,,,
23:09,7 ,6.0,6.1,6.4,7.3,7.7,,,,
23:10,7 ,7.0,7.5,6.4,7.3,7.7,,,,
23:11,7 ,7.0,7.5,6.4,7.3,7.7,,,,
23:12,7 ,7.0,7.5,6.4,7.3,7.7,,,,
23:13,7 ,7.0,7.5,6.4,7.3,7.7,,,,
23:14,8 ,7.0,7.5,6.4,7.3,7.7,,,,
23:15,8 ,8.0,7.5,8.3,7.3,7.7,,,,
23:16,7 ,8.0,7.5,8.3,7.3,7.7,,,,
23:17,8 ,8.0,7.5,8.3,7.3,7.7,,,,
23:18,8 ,8.0,7.5,8.3,7.3,7.7,,,,
23:19,9 ,8.0,7.5,8.3,7.3,7.7,,,,
23:20,8 ,8.4,8.4,8.3,7.3,7.7,,,,
23:21,9 ,8.4,8.4,8.3,7.3,7.7,,,,
23:22,8 ,8.4,8.4,8.3,7.3,7.7,,,,
23:23,8 ,8.4,8.4,8.3,7.3,7.7,,,,
23:24,9 ,8.4,8.4,8.3,7.3,7.7,,,,
23:25,8 ,8.4,8.4,8.3,7.3,7.7,,,,
23:26,9 ,8.4,8.4,8.3,7.3,7.7,,,,
23:27,8 ,8.4,8.4,8.3,7.3,7.7,,,,
23:28,8 ,8.4,8.4,8.3,7.3,7.7,,,,
23:29,9 ,8.4,8.4,8.3,7.3,7.7,,,,
23:30,8 ,8.4,8.4,8.4,8.1,7.7,,,,
23:31,9 ,8.4,8.4,8.4,8.1,7.7,,,,
23:32,8 ,8.4,8.4,8.4,8.1,7.7,,,,
23:33,8 ,8.4,8.4,8.4,8.1,7.7,,,,
23:34,9 ,8.4,8.4,8.4,8.1,7.7,,,,
23:35,9 ,8.4,8.4,8.4,8.1,7.7,,,,
23:36,9 ,8.4,8.4,8.4,8.1,7.7,,,,
23:37,8 ,8.4,8.4,8.4,8.1,7.7,,,,
23:38,8 ,8.4,8.4,8.4,8.1,7.7,,,,
23:39,9 ,8.4,8.4,8.4,8.1,7.7,,,,
23:40,8 ,8.4,8.3,8.4,8.1,7.7,,,,
23:41,8 ,8.4,8.3,8.4,8.1,7.7,,,,
23:42,9 ,8.4,8.3,8.4,8.1,7.7,,,,
23:43,8 ,8.4,8.3,8.4,8.1,7.7,,,,
23:44,9 ,8.4,8.3,8.4,8.1,7.7,,,,
23:45,8 ,8.2,8.3,7.7,8.1,7.7,,,,
23:46,8 ,8.2,8.3,7.7,8.1,7.7,,,,
23:47,9 ,8.2,8.3,7.7,8.1,7.7,,,,
23:48,8 ,8.2,8.3,7.7,8.1,7.7,,,,
23:49,8 ,8.2,8.3,7.7,8.1,7.7,,,,
23:50,9 ,7.6,7.5,7.7,8.1,7.7,,,,
23:51,7 ,7.6,7.5,7.7,8.1,7.7,,,,
23:52,7 ,7.6,7.5,7.7,8.1,7.7,,,,
23:53,8 ,7.6,7.5,7.7,8.1,7.7,,,,
23:54,7 ,7.6,7.5,7.7,8.1,7.7,,,,
23:55,7 ,7.4,7.5,7.7,8.1,7.7,,,,
23:56,8 ,7.4,7.5,7.7,8.1,7.7,,,,
23:57,7 ,7.4,7.5,7.7,8.1,7.7,,,,
23:58,8 ,7.4,7.5,7.7,8.1,7.7,,,,
23:59,8 ,7.4,7.5,7.7,8.1,7.7,,,,